Nombre;RAM;Almacenamiento;Nota_Ki;Pulgadas;Peso;Bateria;Numero_Opiniones;Valoracion;Precio;Numero_Tiendas
"Honor Magic6 Pro;12GB;512GB;10;""6.8"""""";229;5600;20;9.8;657;15"
"Honor Magic6 Pro;16GB;1TB;10;""6.8"""""";229;5600;20;9.8;989;2"
"realme GT 6;16GB;512GB;9.9;""6.8"""""";199;5500;29;9.6;512;14"
"OnePlus 12;12GB;256GB;9.9;""6.8"""""";220;5400;74;9.4;739;9"
"OnePlus 12;16GB;512GB;9.8;""6.8"""""";220;5400;74;9.4;732;13"
"vivo iQOO 13;12GB;256GB;9.8;""6.8"""""";213;6150;20;9.8;653;3"
"Honor Magic6 Pro;16GB;1TB;9.7;""6.8"""""";229;5600;2;--;813;3"
"Xiaomi 15 Pro;12GB;256GB;9.7;""6.7"""""";213;6100;2;--;873;4"
"Honor Magic7 Pro;12GB;256GB;9.7;""6.8"""""";223;5850;2;--;951;4"
"Honor Magic7 Pro;16GB;512GB;9.7;""6.8"""""";223;5850;20;9.8;1023;4"
"Honor Magic6 Pro;12GB;256GB;9.6;""6.8"""""";229;5600;20;9.8;683;4"
"Honor Magic6 Pro;16GB;512GB;9.6;""6.8"""""";229;5600;2;--;763;3"
"vivo iQOO 13;16GB;512GB;9.6;""6.8"""""";213;6150;29;9.6;743;3"
"realme GT7 Pro;12GB;256GB;9.6;""6.8"""""";223;6500;29;9.6;603;2"
"realme GT 6;12GB;256GB;9.6;""6.8"""""";199;5500;1;--;484;6"
"realme GT 6;8GB;256GB;9.6;""6.8"""""";199;5500;2;--;418;10"
"Vivo X200 Pro;12GB;256GB;9.5;""6.8"""""";223;6000;2;--;856;4"
"Oppo Find X8;12GB;256GB;9.5;""6.6"""""";193;5630;2;--;683;3"
"OnePlus 13;12GB;256GB;9.5;""6.8"""""";210;6000;74;9.4;773;3"
"Xiaomi 15 Pro;16GB;512GB;9.5;""6.7"""""";213;6100;18;8.9;963;4"
"vivo iQOO 13;16GB;256GB;9.5;""6.8"""""";213;6150;1;--;753;2"
"Honor Magic7;12GB;256GB;9.5;""6.8"""""";199;5650;2;--;743;3"
"Honor Magic7;12GB;512GB;9.5;""6.8"""""";199;5650;2;--;803;3"
"Honor Magic7;16GB;512GB;9.5;""6.8"""""";199;5650;1;--;823;3"
"Honor Magic7 Pro;16GB;1TB;9.5;""6.8"""""";223;5850;1;--;1100;4"
"realme GT7 Pro;12GB;512GB;9.5;""6.8"""""";223;6500;1;--;683;2"
"OnePlus 12;12GB;256GB;9.4;""6.8"""""";220;5400;1;--;N/A;N/A"
"Xiaomi 14 Ultra;16GB;512GB;9.4;""6.7"""""";220;5000;15;9.1;953;17"
"Honor Magic6 Ultimate;16GB;512GB;9.4;""6.8"""""";227;5600;17;9.7;893;3"
"Vivo X200 Pro;16GB;512GB;9.4;""6.8"""""";223;6000;7;9.7;945;5"
"Oppo Find X8;16GB;256GB;9.4;""6.6"""""";193;5630;74;9.4;759;2"
"Oppo Find X8;16GB;512GB;9.4;""6.6"""""";193;5630;15;9.4;793;3"
"Xiaomi 15 Pro;16GB;1TB;9.4;""6.7"""""";213;6100;10;9.5;1053;4"
"vivo iQOO 13;16GB;1TB;9.4;""6.8"""""";213;6150;10;9.5;843;3"
"OnePlus 13;12GB;512GB;9.4;""6.8"""""";210;6000;15;9.4;823;3"
"OnePlus 13;16GB;512GB;9.4;""6.8"""""";210;6000;3;--;873;3"
"realme GT7 Pro;16GB;512GB;9.4;""6.8"""""";223;6500;3;--;733;2"
"nubia Z60 Ultra Leading Version;8GB;256GB;9.4;""6.8"""""";246;6000;2;--;518;1"
"nubia Z60 Ultra Leading Version;12GB;256GB;9.4;""6.8"""""";246;6000;2;--;552;3"
"nubia Z60 Ultra Leading Version;16GB;512GB;9.4;""6.8"""""";246;6000;1;--;618;3"
"nubia Z60 Ultra Leading Version;16GB;1TB;9.4;""6.8"""""";246;6000;1;--;696;1"
"Xiaomi 13 Pro;12GB;256GB;9.3;""6.7"""""";210;4820;1;--;547;7"
"vivo X100 Ultra;12GB;256GB;9.3;""6.8"""""";229;5500;66;9.1;863;4"
"Oppo Find X7 Ultra;12GB;256GB;9.3;""6.8"""""";221;5000;58;9.2;773;2"
"OnePlus 12;16GB;512GB;9.3;""6.8"""""";220;5400;74;9.4;N/A;N/A"
"Honor Magic6 Ultimate;16GB;1TB;9.3;""6.8"""""";227;5600;9;9.1;983;2"
"Xiaomi 14T;12GB;256GB;9.3;""6.7"""""";195;5000;9;9.1;383;23"
"Xiaomi 14T Pro;12GB;512GB;9.3;""6.7"""""";209;5000;17;9.7;545;22"
"Xiaomi 14T Pro;12GB;1TB;9.3;""6.7"""""";209;5000;1;--;601;19"
"Xiaomi 14T;12GB;512GB;9.3;""6.7"""""";195;5000;1;--;529;11"
"Vivo X200 Pro Mini;12GB;256GB;9.3;""6.3"""""";187;5700;1;--;773;4"
"Vivo X200;12GB;256GB;9.3;""6.7"""""";197;5800;2;--;723;3"
"Vivo X200;16GB;512GB;9.3;""6.7"""""";197;5800;74;9.4;823;3"
"Oppo Find X8;12GB;512GB;9.3;""6.6"""""";193;5630;74;9.4;809;2"
"Honor Magic7;16GB;1TB;9.3;""6.8"""""";199;5650;74;9.4;923;3"
"OnePlus 13;24GB;1TB;9.3;""6.8"""""";210;6000;8;9.6;983;3"
"realme GT7 Pro;16GB;256GB;9.3;""6.8"""""";223;6500;9;9.1;838;1"
"realme GT7 Pro;16GB;1TB;9.3;""6.8"""""";223;6500;8;9.6;833;2"
"Nubia Red Magic 9S Pro;12GB;256GB;9.3;""6.8"""""";229;6500;8;9.6;610;6"
"nubia Z60S Pro;16GB;1TB;9.3;""6.8"""""";220;5100;8;9.6;470;3"
"nubia Z60S Pro;16GB;512GB;9.3;""6.8"""""";220;5100;7;9.7;402;8"
"nubia Z60S Pro;12GB;256GB;9.3;""6.8"""""";220;5100;19;8.6;346;7"
"OnePlus 11;16GB;256GB;9.2;""6.7"""""";205;5000;24;8.8;559;6"
"Xiaomi 13T Pro;16GB;1TB;9.2;""6.7"""""";206;5000;1;--;549;7"
"Oneplus 12;12GB;256GB;9.2;""6.8"""""";220;5400;1;--;653;4"
"OnePlus 12R;America;·;9.2;""6.8"""""";207;5500;3;--;N/A;N/A"
"OnePlus 12R;America;·;9.2;""6.8"""""";207;5500;124;9.5;579;1"
"vivo X100 Ultra;16GB;512GB;9.2;""6.8"""""";229;5500;124;9.5;953;3"
"Vivo X100s Pro;12GB;256GB;9.2;""6.8"""""";224;5400;17;9.6;762;4"
"Vivo X100s Pro;16GB;512GB;9.2;""6.8"""""";224;5400;13;9.2;805;4"
"Vivo X100s Pro;16GB;1TB;9.2;""6.8"""""";224;5400;58;9.2;865;4"
"Sony Xperia 1 VI;12GB;256GB;9.2;""6.5"""""";192;5000;7;9.5;1039;8"
"Oneplus 12;16GB;1TB;9.2;""6.8"""""";220;5400;7;9.5;733;3"
"Oneplus 12;24GB;1TB;9.2;""6.8"""""";220;5400;7;9.5;793;5"
"Oneplus 12;16GB;512GB;9.2;""6.8"""""";220;5400;2;--;703;5"
"Oppo Find X7;12GB;256GB;9.2;""6.8"""""";206;5000;17;9.7;627;1"
"OnePlus 12R;16GB;256GB;9.2;""6.8"""""";207;5500;12;8.6;490;12"
"Oppo Find X7;16GB;256GB;9.2;""6.8"""""";206;5000;19;8.6;650;3"
"Oppo Find X7;16GB;512GB;9.2;""6.8"""""";206;5000;19;8.6;703;2"
"Oppo Find X7;16GB;1TB;9.2;""6.8"""""";206;5000;7;9.7;801;2"
"Oppo Find X7 Ultra;16GB;256GB;9.2;""6.8"""""";221;5000;313;9.1;873;2"
"nubia Z60 Ultra;16GB;512GB;9.2;""6.8"""""";246;6000;14;9.7;574;10"
"Xiaomi 14;12GB;512GB;9.2;""6.4"""""";193;4610;9;9.1;629;18"
"Vivo X200 Pro;16GB;1TB;9.2;""6.8"""""";223;6000;18;8.9;1052;4"
"Vivo X200 Pro;16GB;1TB;9.2;""6.8"""""";223;6000;18;8.9;1126;2"
"Vivo X200 Pro Mini;16GB;512GB;9.2;""6.3"""""";187;5700;24;8.8;863;4"
"Vivo X200 Pro Mini;16GB;1TB;9.2;""6.3"""""";187;5700;10;9.5;942;4"
"Vivo X200;12GB;512GB;9.2;""6.7"""""";197;5800;3;--;812;2"
"Oppo Find X8 Pro;12GB;256GB;9.2;""6.8"""""";215;5910;1;--;863;4"
"Oppo Find X8;16GB;1TB;9.2;""6.6"""""";193;5630;1;--;923;3"
"vivo iQOO 13;12GB;512GB;9.2;""6.8"""""";213;6150;1;--;942;1"
"Nubia Red Magic 9S Pro;16GB;512GB;9.2;""6.8"""""";229;6500;1;--;760;4"
"Samsung Galaxy S23 Ultra;8GB;256GB;9.0;""6.8"""""";233;5000;6;9.9;729;9"
"Samsung Galaxy S23 Ultra;12GB;512GB;9.1;""6.8"""""";233;5000;9;9.1;799;12"
"Honor Magic5 Pro;12GB;512GB;9.1;""6.8"""""";219;5100;19;8.6;639;4"
"Xiaomi 13 Ultra;12GB;512GB;9.1;""6.7"""""";227;5000;1;--;709;3"
"Xiaomi 13T Pro;12GB;512GB;9.1;""6.7"""""";206;5000;72;9.0;449;18"
"Vivo X100 Pro;12GB;256GB;9.1;""6.8"""""";225;5400;72;9.0;713;3"
"Vivo X100 Pro;16GB;512GB;9.1;""6.8"""""";225;5400;66;9.1;763;2"
"Vivo X100 Pro;16GB;1TB;9.1;""6.8"""""";225;5400;124;9.5;853;2"
"Motorola Edge 50 Ultra;16GB;1TB;9.1;""6.7"""""";197;4500;124;9.5;665;11"
"vivo X100 Ultra;16GB;1TB;9.1;""6.8"""""";229;5500;66;9.1;1073;3"
"Honor 200 Pro;12GB;512GB;9.1;""6.8"""""";199;5200;66;9.1;483;13"
"nubia Z60 Ultra;8GB;256GB;9.1;""6.8"""""";246;6000;26;9.1;N/A;N/A"
"nubia Z60 Ultra;12GB;256GB;9.1;""6.8"""""";246;6000;124;9.5;609;8"
"Oppo Find X7 Ultra;16GB;512GB;9.1;""6.8"""""";221;5000;31;9.1;943;3"
"Poco X6 Pro;12GB;512GB;9.1;""6.7"""""";186;5000;16;9.4;257;22"
"Honor Magic6;12GB;256GB;9.1;""6.8"""""";206;5450;5;9.8;662;2"
"Honor Magic6;16GB;256GB;9.1;""6.8"""""";206;5450;5;9.8;812;1"
"Samsung Galaxy S24+;12GB;512GB;9.1;""6.7"""""";196;4900;5;9.8;779;18"
"OnePlus 12R;8GB;128GB;9.1;""6.8"""""";207;5500;3;--;N/A;N/A"
"Xiaomi 14 Ultra;12GB;256GB;9.1;""6.7"""""";224;5300;4;--;773;4"
"Xiaomi 14 Ultra;16GB;512GB;9.1;""6.7"""""";224;5300;3;--;873;4"
"Xiaomi 14;12GB;256GB;9.1;""6.4"""""";193;4610;3;--;599;10"
"Xiaomi 14T Pro;12GB;256GB;9.1;""6.7"""""";209;5000;3;--;631;6"
"Vivo X200;16GB;1TB;9.1;""6.7"""""";197;5800;7;9.7;913;3"
"Oppo Find X8 Pro;12GB;512GB;9.1;""6.8"""""";215;5910;2;--;958;3"
"Oppo Find X8 Pro;16GB;512GB;9.1;""6.8"""""";215;5910;2;--;963;4"
"Oppo Find X8 Pro;16GB;1TB;9.1;""6.8"""""";215;5910;2;--;1053;4"
"Xiaomi 15;12GB;256GB;9.1;""6.4"""""";189;5400;2;--;723;3"
"Xiaomi 15;12GB;512GB;9.1;""6.4"""""";189;5400;1;--;773;3"
"Xiaomi 15;16GB;512GB;9.1;""6.4"""""";189;5400;32;9.5;823;3"
"Xiaomi 15;16GB;1TB;9.1;""6.4"""""";189;5400;313;9.1;873;3"
"Oneplus Ace 3 Pro;12GB;256GB;9.1;""6.8"""""";212;6100;20;8.9;451;5"
"Oneplus Ace 3 Pro;16GB;256GB;9.1;""6.8"""""";212;6100;14;9.7;493;4"
"Oneplus Ace 3 Pro;16GB;512GB;9.1;""6.8"""""";212;6100;59;9.2;546;5"
"Oneplus Ace 3 Pro;24GB;1TB;9.1;""6.8"""""";212;6100;5;9.6;669;4"
"Nubia Red Magic 9S Pro;12GB;256GB;9.1;""6.8"""""";229;6500;1;--;777;2"
"Xiaomi Redmi K70 Ultra;12GB;256GB;9.1;""6.7"""""";211;5500;1;--;393;4"
"OnePlus 12R;8GB;256GB;9.1;""6.8"""""";207;5500;59;9.2;N/A;N/A"
"nubia Z60 Ultra;16GB;1TB;9.1;""6.8"""""";246;6000;25;9.6;N/A;N/A"
"Apple iPhone 16 Plus;8GB;256GB;9.1;""6.7"""""";199;4674;18;8.9;849;18"
"Samsung Galaxy S22 Ultra;12GB;256GB;9.0;""6.8"""""";227;5000;2;--;713;4"
"Samsung Galaxy S22 Ultra;12GB;256GB;9.0;""6.8"""""";229;5000;2;--;N/A;N/A"
"OnePlus 11;16GB;512GB;9.0;""6.7"""""";205;5000;2;--;465;2"
"Samsung Galaxy S23 Ultra;America;·;9.0;""6.8"""""";233;5000;2;--;N/A;N/A"
"Samsung Galaxy S23 Ultra;America;·;9.0;""6.8"""""";233;5000;6;9.9;N/A;N/A"
"OnePlus 11;8GB;128GB;9.0;""6.7"""""";205;5000;6;9.9;514;8"
"OnePlus 11;America;·;9.0;""6.7"""""";205;5000;6;9.9;N/A;N/A"
"Xiaomi 13;8GB;256GB;9.0;""6.4"""""";189;4500;6;9.9;442;10"
"Samsung Galaxy S23 Ultra;12GB;256GB;9.0;""6.8"""""";233;5000;1;--;711;3"
"Apple iPhone 15 Pro Max;America;·;9.0;""6.7"""""";221;4441;1;--;N/A;N/A"
"Nubia Z50s Pro;16GB;1TB;9.0;""6.8"""""";228;5100;1;--;N/A;N/A"
"Xiaomi 14 Pro;12GB;256GB;9.0;""6.7"""""";223;4880;1;--;673;3"
"Xiaomi 14 Pro;16GB;512GB;9.0;""6.7"""""";223;4880;8;8.8;733;2"
"Xiaomi 14 Pro;16GB;1TB;9.0;""6.7"""""";223;4880;1;--;773;3"
"Vivo X100;12GB;256GB;9.0;""6.8"""""";205;5000;77;9.1;657;2"
"Vivo iQOO 12 Pro;16GB;256GB;9.0;""6.8"""""";210;5100;22;9.0;753;3"
"Vivo X100;16GB;256GB;9.0;""6.8"""""";205;5000;72;9.0;623;2"
"Vivo X100;16GB;512GB;9.0;""6.8"""""";205;5000;72;9.0;683;2"
"Vivo X100;16GB;1TB;9.0;""6.8"""""";205;5000;19;9.2;743;2"
"Oppo Find X7 Ultra;16GB;1TB;9.0;""6.8"""""";221;5000;48;8.5;1093;1"
"Vivo X100s;12GB;256GB;9.0;""6.8"""""";203;5100;44;9.6;593;3"
"Vivo X100s;16GB;256GB;9.0;""6.8"""""";203;5100;66;9.1;711;2"
"Vivo X100s;16GB;512GB;9.0;""6.8"""""";203;5100;46;9.5;693;3"
"Vivo X100s;16GB;1TB;9.0;""6.8"""""";203;5100;46;9.5;793;4"
"Meizu 21 Note;8GB;256GB;9.0;""6.8"""""";205;5500;124;9.5;159;2"
"Poco F6 Pro;16GB;1TB;9.0;""6.7"""""";209;5000;124;9.5;488;10"
"Poco X6 Pro;8GB;256GB;9.0;""6.7"""""";186;5000;124;9.5;188;21"
"Nubia Red Magic 9 Pro;12GB;256GB;9.0;""6.8"""""";229;6500;124;9.5;689;7"
"Samsung Galaxy S24+;12GB;256GB;9.0;""6.7"""""";196;4900;9;9.8;712;15"
"Samsung Galaxy S24 Ultra;12GB;256GB;9.0;""6.8"""""";232;5000;9;9.8;887;20"
"OnePlus Ace 3;16GB;1TB;9.0;""6.8"""""";207;5500;9;9.8;435;5"
"Asus Rog Phone 8;12GB;256GB;9.0;""6.8"""""";225;5500;13;9.2;789;5"
"Asus Rog Phone 8;America;·;9.0;""6.8"""""";225;5500;13;9.2;N/A;N/A"
"Honor Magic6;16GB;512GB;9.0;""6.8"""""";206;5450;21;8.7;849;1"
"Samsung Galaxy S24 Ultra;America;·;8.9;""6.8"""""";232;5000;19;9.6;N/A;N/A"
"Samsung Galaxy S24;America;·;9.0;""6.2"""""";167;4000;16;9.4;N/A;N/A"
"Xiaomi 14 Ultra;16GB;1TB;9.0;""6.7"""""";224;5300;16;9.4;1039;3"
"Oppo Find X8 Pro;16GB;1TB;9.0;""6.8"""""";215;5910;21;8.7;1117;3"
"Nubia Red Magic 9S Pro;12GB;512GB;9.0;""6.8"""""";229;6500;58;9.2;833;2"
"realme GT6 CN;12GB;256GB;9.0;""6.8"""""";207;5800;21;8.7;498;2"
"realme GT6 CN;16GB;256GB;9.0;""6.8"""""";207;5800;24;8.8;544;2"
"realme GT6 CN;16GB;512GB;9.0;""6.8"""""";207;5800;3;--;579;3"
"realme GT6 CN;16GB;1TB;9.0;""6.8"""""";207;5800;6;9.2;669;2"
"Xiaomi Redmi K70 Ultra;12GB;512GB;9.0;""6.7"""""";211;5500;6;9.2;473;4"
"Xiaomi Redmi K70 Ultra;16GB;512GB;9.0;""6.7"""""";211;5500;6;9.2;513;4"
"Xiaomi Redmi K70 Ultra;16GB;1TB;9.0;""6.7"""""";211;5500;4;--;596;3"
"Xiaomi Redmi K70 Ultra;24GB;1TB;9.0;""6.7"""""";211;5500;4;--;633;3"
"nubia Z60 Ultra Leading Version;12GB;256GB;9.0;""6.8"""""";246;6000;7;9.5;731;1"
"nubia Z60 Ultra Leading Version;16GB;512GB;9.0;""6.8"""""";246;6000;6;9.2;796;1"
"nubia Z60 Ultra Leading Version;16GB;1TB;9.0;""6.8"""""";246;6000;2;--;874;1"
"nubia Z60S Pro;8GB;256GB;9.0;""6.8"""""";220;5100;124;9.5;N/A;N/A"
"Apple iPhone 16 Pro Max;8GB;256GB;9.0;""6.9"""""";227;4685;32;9.5;1359;15"
"Apple iPhone 16 Plus;8GB;128GB;9.1;""6.7"""""";199;4674;32;9.5;938;17"
"Google Pixel 7 Pro;America;·;8.9;""6.7"""""";212;5000;8;9.0;999;1"
"Oppo Find X5 Pro;12GB;256GB;8.9;""6.7"""""";218;5000;8;9.0;755;4"
"Samsung Galaxy S22 Ultra;8GB;128GB;8.9;""6.8"""""";227;5000;8;9.6;545;6"
"Samsung Galaxy S22 Ultra;12GB;512GB;8.9;""6.8"""""";227;5000;8;9.6;718;5"
"Motorola Edge 30 Ultra;12GB;256GB;8.9;""6.7"""""";195;4610;8;9.6;679;3"
"Xiaomi 12 Pro;12GB;256GB;8.9;""6.7"""""";205;4600;25;9.6;372;9"
"Xiaomi Mi 11 Ultra;12GB;256GB;8.9;""6.8"""""";234;5000;5;9.6;409;1"
"OnePlus 11;16GB;256GB;8.9;""6.7"""""";205;5000;5;9.6;573;2"
"Samsung Galaxy S23+;8GB;256GB;8.9;""6.6"""""";196;4700;20;8.9;588;6"
"Samsung Galaxy S23+;8GB;512GB;8.9;""6.6"""""";196;4700;3;--;628;7"
"Samsung Galaxy S23 Ultra;12GB;1TB;8.9;""6.8"""""";233;5000;59;9.2;949;7"
"Samsung Galaxy S23 Ultra;America;·;8.9;""6.8"""""";233;5000;59;9.2;N/A;N/A"
"Samsung Galaxy S23 Ultra;12GB;256GB;8.9;""6.8"""""";233;5000;14;9.7;N/A;N/A"
"Oppo Find X6 Pro;12GB;256GB;8.9;""6.8"""""";218;5000;14;9.7;761;3"
"Oppo Find X6 Pro;16GB;256GB;8.9;""6.8"""""";218;5000;20;8.9;842;3"
"Oppo Find X6 Pro;16GB;512GB;8.9;""6.8"""""";218;5000;4;--;926;3"
"Xiaomi 13 Ultra;16GB;512GB;8.9;""6.7"""""";227;5000;4;--;776;3"
"Xiaomi 13 Ultra;16GB;1TB;8.9;""6.7"""""";227;5000;4;--;811;3"
"Google Pixel 8 Pro;12GB;128GB;8.9;""6.7"""""";213;5050;4;--;583;15"
"Apple iPhone 15 Pro;America;·;8.9;""6.1"""""";187;3650;1;--;N/A;N/A"
"Nubia Z50s Pro;12GB;256GB;8.9;""6.8"""""";228;5100;8;8.8;N/A;N/A"
"Nubia Z50s Pro;12GB;1TB;8.9;""6.8"""""";228;5100;1;--;N/A;N/A"
"Google Pixel 8 Pro;America;·;8.9;""6.7"""""";213;5050;1;--;708;1"
"Xiaomi 13T Pro;12GB;256GB;8.9;""6.7"""""";206;5000;1;--;647;1"
"Google Pixel 8 Pro;12GB;256GB;8.9;""6.7"""""";213;5050;77;9.1;686;10"
"Xiaomi 14;16GB;512GB;8.9;""6.4"""""";193;4610;72;9.1;643;3"
"realme GT5 Pro;12GB;256GB;8.9;""6.8"""""";218;5400;77;9.1;N/A;N/A"
"Vivo iQOO 12;12GB;256GB;8.9;""6.8"""""";204;5000;77;9.1;613;3"
"Vivo iQOO 12;16GB;512GB;8.9;""6.8"""""";204;5000;77;9.1;663;3"
"Vivo iQOO 12;16GB;1TB;8.9;""6.8"""""";204;5000;77;9.1;703;3"
"Vivo iQOO 12 Pro;16GB;512GB;8.9;""6.8"""""";210;5100;66;9.1;843;3"
"Vivo iQOO 12 Pro;16GB;1TB;8.9;""6.8"""""";210;5100;15;9.1;893;3"
"Vivo X100 Pro;16GB;256GB;9.0;""6.8"""""";225;5400;15;8.9;871;1"
"Vivo iQOO 12;12GB;512GB;8.9;""6.8"""""";204;5000;15;8.9;646;1"
"Motorola Edge 50 Ultra;12GB;512GB;8.9;""6.7"""""";197;4500;4;--;914;1"
"Samsung Galaxy S23 Ultra;America;·;8.9;""6.8"""""";233;5000;15;9.1;N/A;N/A"
"Poco F6 Pro;12GB;256GB;8.9;""6.7"""""";209;5000;8;9.8;374;14"
"Poco F6 Pro;12GB;512GB;8.9;""6.7"""""";209;5000;72;9.0;402;19"
"realme GT 6T;8GB;256GB;8.9;""6.8"""""";191;5500;13;9.3;318;12"
"realme GT 6T;12GB;256GB;8.9;""6.8"""""";191;5500;43;8.5;369;6"
"Xiaomi Redmi K70 Pro;12GB;256GB;8.9;""6.7"""""";209;5000;43;8.5;413;3"
"Xiaomi Redmi K70 Pro;16GB;256GB;8.9;""6.7"""""";209;5000;46;8.2;463;2"
"Xiaomi Redmi K70 Pro;16GB;512GB;8.9;""6.7"""""";209;5000;65;8.8;513;2"
"Samsung Galaxy S24;8GB;128GB;8.9;""6.2"""""";167;4000;65;8.8;580;14"
"OnePlus Ace 3;12GB;256GB;8.9;""6.8"""""";207;5500;48;8.5;334;6"
"OnePlus Ace 3;16GB;512GB;8.9;""6.8"""""";207;5500;46;8.2;389;5"
"Nubia Red Magic 9 Pro;16GB;512GB;8.9;""6.8"""""";229;6500;20;8.3;750;4"
"Asus Rog Phone 8 Pro;16GB;512GB;8.9;""6.8"""""";225;5500;86;8.9;1159;3"
"Samsung Galaxy S24 Ultra;12GB;512GB;8.9;""6.8"""""";232;5000;46;9.5;1005;21"
"Samsung Galaxy S24 Ultra;12GB;1TB;8.9;""6.8"""""";232;5000;26;9.1;1149;12"
"Samsung Galaxy S24 Ultra;America;·;8.9;""6.8"""""";232;5000;3;--;N/A;N/A"
"Samsung Galaxy S24+;America;·;8.9;""6.7"""""";196;4900;3;--;N/A;N/A"
"Samsung Galaxy S24+;12GB;512GB;8.9;""6.7"""""";196;4900;12;9.3;847;1"
"Meizu 21 Pro;12GB;256GB;8.9;""6.8"""""";208;5050;13;9.2;623;1"
"Meizu 21 Pro;16GB;512GB;8.9;""6.8"""""";208;5050;29;8.9;723;1"
"Nubia Red Magic 9 Pro;12GB;512GB;8.9;""6.8"""""";229;6500;49;9.0;740;2"
"vivo iQOO Neo9S Pro+;12GB;256GB;8.9;""6.8"""""";198;5500;22;9.1;525;2"
"vivo iQOO Neo9S Pro+;12GB;512GB;8.9;""6.8"""""";198;5500;22;9.1;579;2"
"vivo iQOO Neo9S Pro+;16GB;256GB;8.9;""6.8"""""";198;5500;22;9.1;546;2"
"vivo iQOO Neo9S Pro+;16GB;1TB;8.9;""6.8"""""";198;5500;8;9.3;677;2"
"nubia Z60 Ultra Leading Version;24GB;1TB;8.9;""6.8"""""";246;6000;8;9.3;968;1"
"Apple iPhone 16 Pro Max;8GB;512GB;8.9;""6.9"""""";227;4685;8;9.3;1535;13"
"Apple iPhone 16 Pro;8GB;128GB;8.9;""6.3"""""";199;3582;19;9.6;1095;17"
"Apple iPhone 16 Pro;8GB;256GB;8.9;""6.3"""""";199;3582;19;9.6;1205;17"
"Apple iPhone 16 Plus;8GB;512GB;8.9;""6.7"""""";199;4674;21;8.7;1241;13"
"Google Pixel 7 Pro;12GB;128GB;8.8;""6.7"""""";212;5000;21;8.7;375;10"
"Xiaomi 12T Pro;12GB;256GB;8.8;""6.7"""""";205;5000;24;8.8;465;5"
"Google Pixel 7 Pro;12GB;256GB;8.8;""6.7"""""";212;5000;24;8.8;524;3"
"Google Pixel 7 Pro;America;·;8.8;""6.7"""""";212;5000;24;8.8;N/A;N/A"
"Google Pixel 7 Pro;America;·;8.8;""6.7"""""";212;5000;20;8.9;N/A;N/A"
"Google Pixel 7 Pro;12GB;128GB;8.8;""6.7"""""";212;5000;20;8.9;485;2"
"OnePlus 11;12GB;256GB;8.8;""6.7"""""";205;5000;2;--;563;1"
"Xiaomi 13 Pro;8GB;128GB;8.8;""6.7"""""";210;4820;2;--;603;1"
"Vivo X90 Pro+;12GB;256GB;8.8;""6.8"""""";221;4700;2;--;803;3"
"Vivo X90 Pro+;12GB;512GB;8.8;""6.8"""""";221;4700;2;--;893;3"
"Vivo X90 Pro;12GB;256GB;8.8;""6.8"""""";215;4870;57;9.2;713;3"
"Xiaomi 13 Pro;8GB;256GB;8.8;""6.7"""""";210;4820;57;9.2;653;1"
"Motorola X40;12GB;256GB;8.8;""6.7"""""";199;4600;8;9.6;543;1"
"Samsung Galaxy S22 Ultra;12GB;1TB;8.8;""6.8"""""";229;5000;1;--;759;1"
"Oppo Find X5;8GB;256GB;8.8;""6.6"""""";196;4800;19;8.6;362;9"
"Apple iPhone 14 Pro Max;6GB;128GB;8.8;""6.7"""""";240;4323;19;8.6;955;7"
"Apple iPhone 14 Pro Max;6GB;256GB;8.8;""6.7"""""";240;4323;19;8.6;870;7"
"OnePlus 10 Pro;8GB;128GB;8.8;""6.7"""""";200;5000;1;--;379;4"
"Xiaomi 12;8GB;256GB;8.8;""6.3"""""";180;4500;1;--;264;11"
"Xiaomi 12;12GB;256GB;8.8;""6.3"""""";180;4500;3;--;266;4"
"Xiaomi 12 Pro;8GB;256GB;8.8;""6.7"""""";205;4600;1;--;353;4"
"OnePlus 10 Pro;12GB;256GB;8.8;""6.7"""""";200;5000;25;9.6;464;9"
"Motorola Edge+ 2022;America;·;8.8;""6.7"""""";196;4800;25;9.6;N/A;N/A"
"Samsung Galaxy S21 Ultra;16GB;512GB;8.8;""6.8"""""";227;5000;59;9.2;749;2"
"Samsung Galaxy S23+;America;·;8.8;""6.6"""""";196;4700;59;9.2;N/A;N/A"
"Xiaomi 13;12GB;256GB;8.8;""6.4"""""";189;4500;25;9.6;724;1"
"Oppo Find X6;12GB;256GB;8.8;""6.7"""""";207;4800;14;9.7;613;3"
"Oppo Find X6;16GB;512GB;8.8;""6.7"""""";207;4800;25;9.6;663;3"
"Motorola Edge 40 Pro;12GB;256GB;8.8;""6.7"""""";199;4600;8;8.8;769;5"
"Xiaomi 13 Ultra;12GB;256GB;8.8;""6.7"""""";227;5000;10;9.3;689;4"
"OnePlus Nord 3;16GB;256GB;8.8;""6.7"""""";193;5000;4;--;290;13"
"Xiaomi 13T;12GB;256GB;8.8;""6.7"""""";197;5000;2;--;364;10"
"Apple iPhone 15;6GB;128GB;8.8;""6.1"""""";171;3877;1;--;695;21"
"Apple iPhone 15;6GB;128GB;8.8;""6.1"""""";171;3877;1;--;N/A;N/A"
"Apple iPhone 15;6GB;128GB;8.8;""6.1"""""";171;3877;8;8.8;708;2"
"Apple iPhone 15 Plus;6GB;128GB;8.8;""6.7"""""";201;4383;45;8.6;782;19"
"Apple iPhone 15 Plus;6GB;256GB;8.8;""6.7"""""";201;4383;8;9.8;914;17"
"Apple iPhone 15 Plus;6GB;128GB;8.8;""6.7"""""";201;4383;46;8.2;N/A;N/A"
"Apple iPhone 15 Pro;8GB;128GB;8.8;""6.1"""""";187;3650;4;--;945;14"
"Apple iPhone 15 Pro;8GB;128GB;8.8;""6.1"""""";187;3650;15;9.1;N/A;N/A"
"Google Pixel 8 Pro;12GB;512GB;8.8;""6.7"""""";213;5050;15;9.1;829;6"
"Google Pixel 8 Pro;America;·;8.8;""6.7"""""";213;5050;34;8.8;759;1"
"Xiaomi 14;8GB;256GB;8.8;""6.4"""""";193;4610;34;8.8;583;2"
"Xiaomi 14;12GB;256GB;8.8;""6.4"""""";193;4610;72;9.0;593;5"
"Xiaomi 14;16GB;1TB;8.8;""6.4"""""";193;4610;72;9.0;723;2"
"Nubia Red Magic 9 Pro;8GB;256GB;8.8;""6.8"""""";229;6500;3;--;N/A;N/A"
"Nubia Red Magic 9 Pro;12GB;256GB;8.8;""6.8"""""";229;6500;72;9.1;703;2"
"Motorola Moto X50 Ultra;16GB;1TB;8.8;""6.7"""""";197;4500;43;8.5;673;2"
"Vivo iQOO Neo9S Pro;12GB;256GB;8.8;""6.8"""""";196;5100;43;8.5;485;2"
"Vivo iQOO Neo9S Pro;12GB;512GB;8.8;""6.8"""""";196;5100;56;8.1;535;2"
"Vivo iQOO Neo9S Pro;16GB;512GB;8.8;""6.8"""""";196;5100;59;8.8;562;2"
"Vivo iQOO Neo9S Pro;16GB;1TB;8.8;""6.8"""""";196;5100;56;8.1;612;2"
"Poco F6;8GB;256GB;8.8;""6.7"""""";179;5000;65;8.8;261;19"
"Poco F6;12GB;512GB;8.8;""6.7"""""";179;5000;46;8.2;302;19"
"Xiaomi Redmi K70 Pro;24GB;1TB;8.8;""6.7"""""";209;5000;72;9.0;633;2"
"Meizu 21;8GB;256GB;8.8;""6.6"""""";198;4800;72;9.0;423;1"
"nubia Z60 Ultra;12GB;256GB;8.8;""6.8"""""";246;6000;86;8.9;673;2"
"nubia Z60 Ultra;16GB;512GB;8.8;""6.8"""""";246;6000;86;8.9;733;3"
"nubia Z60 Ultra;16GB;1TB;8.8;""6.8"""""";246;6000;86;8.9;803;3"
"Asus Rog Phone 8;12GB;256GB;8.8;""6.8"""""";225;5500;59;8.8;545;3"
"Asus Rog Phone 8;16GB;256GB;8.8;""6.8"""""";225;5500;59;8.8;585;2"
"Asus Rog Phone 8 Pro;16GB;512GB;8.8;""6.8"""""";225;5500;44;9.6;741;2"
"Asus Rog Phone 8;16GB;256GB;8.8;""6.8"""""";225;5500;4;--;970;2"
"Samsung Galaxy S24;8GB;256GB;8.8;""6.2"""""";167;4000;13;8.4;588;20"
"Samsung Galaxy S24;America;·;8.8;""6.2"""""";167;4000;46;9.5;N/A;N/A"
"Samsung Galaxy S24 Ultra;12GB;512GB;8.8;""6.8"""""";232;5000;124;9.5;1221;1"
"Samsung Galaxy S24 Ultra;America;·;8.8;""6.8"""""";232;5000;17;9.6;N/A;N/A"
"Samsung Galaxy S24;America;·;8.8;""6.2"""""";167;4000;29;8.9;N/A;N/A"
"Samsung Galaxy S24+;America;·;8.8;""6.7"""""";196;4900;16;9.4;N/A;N/A"
"Samsung Galaxy S24;8GB;256GB;8.8;""6.2"""""";167;4000;16;9.4;733;1"
"Meizu 21 Pro;16GB;1TB;8.8;""6.8"""""";208;5050;6;8.0;813;1"
"Asus Zenfone 11 Ultra;12GB;256GB;8.8;""6.8"""""";225;5500;6;8.0;909;6"
"Asus Zenfone 11 Ultra;16GB;512GB;8.8;""6.8"""""";225;5500;6;8.0;999;8"
"Xiaomi Civi 4 Pro;12GB;256GB;8.8;""6.6"""""";179;4700;6;8.0;493;2"
"Xiaomi Civi 4 Pro;12GB;512GB;8.8;""6.6"""""";179;4700;49;9.0;563;1"
"Apple iPhone 16 Pro Max;8GB;1TB;8.8;""6.9"""""";227;4685;22;9.1;N/A;N/A"
"Samsung Galaxy S24 FE;8GB;128GB;8.8;""6.7"""""";213;4700;22;9.1;474;12"
"vivo iQOO Neo9S Pro+;16GB;512GB;8.8;""6.8"""""";198;5500;8;9.3;689;1"
"Google Pixel 9 Pro XL;16GB;128GB;8.8;""6.8"""""";221;5060;31;9.1;891;12"
"Apple iPhone 16;8GB;128GB;8.8;""6.1"""""";170;3561;31;9.1;811;19"
"Apple iPhone 16 Pro;America;·;8.8;""6.3"""""";199;3582;20;8.9;N/A;N/A"
"Apple iPhone 16 Pro Max;America;·;8.8;""6.9"""""";227;4685;1;--;N/A;N/A"
"Samsung Galaxy S20 Ultra;12GB;128GB;8.7;""6.9"""""";222;5000;1;--;449;6"
"Motorola X40;8GB;128GB;8.7;""6.7"""""";199;4600;1;--;N/A;N/A"
"OnePlus 10 Pro;America;·;8.7;""6.7"""""";200;5000;2;--;N/A;N/A"
"Vivo X90 Pro;12GB;512GB;8.7;""6.8"""""";215;4870;1;--;793;3"
"Xiaomi 13 Pro;12GB;256GB;8.7;""6.7"""""";210;4820;1;--;743;1"
"Xiaomi 13 Pro;12GB;512GB;8.7;""6.7"""""";210;4820;1;--;803;1"
"Samsung Galaxy S22+;8GB;128GB;8.7;""6.6"""""";195;4500;1;--;429;8"
"Samsung Galaxy S22+;8GB;256GB;8.7;""6.6"""""";195;4500;9;9.4;519;4"
"Samsung Galaxy S22 Ultra;8GB;128GB;8.7;""6.8"""""";229;5000;1;--;N/A;N/A"
"Samsung Galaxy S22 Ultra;12GB;512GB;8.7;""6.8"""""";229;5000;6;9.5;N/A;N/A"
"Motorola X30 Pro;12GB;256GB;8.7;""6.7"""""";195;4610;6;9.5;N/A;N/A"
"Xiaomi 12T Pro;8GB;256GB;8.7;""6.7"""""";205;5000;6;9.5;359;7"
"Apple iPhone 14 Pro Max;6GB;512GB;8.7;""6.7"""""";240;4323;1;--;1055;8"
"Apple iPhone 14 Pro Max;6GB;1TB;8.7;""6.7"""""";240;4323;1;--;1381;4"
"Google Pixel 6 Pro;12GB;128GB;8.7;""6.7"""""";210;5000;6;9.2;335;9"
"OnePlus 9 Pro;8GB;256GB;8.7;""6.7"""""";197;4500;52;9.1;357;1"
"Google Pixel 6 Pro;12GB;256GB;8.7;""6.7"""""";210;5000;14;9.7;374;2"
"Xiaomi 12;8GB;128GB;8.7;""6.3"""""";180;4500;25;9.6;248;9"
"OnePlus 10 Pro;America;·;8.7;""6.7"""""";200;5000;14;9.7;N/A;N/A"
"Samsung Galaxy S22 Ultra;12GB;256GB;8.7;""6.8"""""";229;5000;19;8.6;731;1"
"Samsung Galaxy S22 Ultra;12GB;512GB;8.7;""6.8"""""";229;5000;25;9.6;824;1"
"Samsung Galaxy S21 Ultra;12GB;128GB;8.7;""6.8"""""";227;5000;1;--;499;5"
"Samsung Galaxy S21 Ultra;12GB;256GB;8.7;""6.8"""""";227;5000;8;8.8;449;5"
"Samsung Galaxy S21 Ultra;America;·;8.7;""6.8"""""";229;5000;8;8.8;N/A;N/A"
"OnePlus 9 Pro;8GB;128GB;8.7;""6.7"""""";197;4500;1;--;299;7"
"OnePlus 9 Pro;12GB;256GB;8.7;""6.7"""""";197;4500;10;9.3;391;6"
"Xiaomi Mi 11 Ultra;12GB;512GB;8.7;""6.8"""""";234;5000;2;--;435;1"
"Motorola ThinkPhone;8GB;256GB;8.7;""6.6"""""";189;5000;2;--;469;8"
"Nubia Red Magic 8 Pro;16GB;512GB;8.7;""6.8"""""";228;6000;1;--;N/A;N/A"
"Samsung Galaxy S23+;America;·;8.7;""6.6"""""";196;4700;1;--;N/A;N/A"
"Samsung Galaxy S23 Ultra;12GB;256GB;8.7;""6.8"""""";233;5000;8;8.8;N/A;N/A"
"Honor Magic5 Pro;16GB;512GB;8.7;""6.8"""""";219;5100;8;8.8;949;2"
"OnePlus Nord 3;8GB;128GB;8.7;""6.7"""""";193;5000;1;--;249;9"
"Vivo X90S;8GB;256GB;8.7;""6.8"""""";198;4810;61;8.8;583;3"
"Vivo X90S;12GB;256GB;8.7;""6.8"""""";198;4810;61;8.8;633;2"
"Vivo X90S;12GB;512GB;8.7;""6.8"""""";198;4810;45;8.6;683;2"
"Nubia Z50s Pro;12GB;1TB;8.7;""6.8"""""";228;5100;4;--;541;1"
"Nubia Z50s Pro;16GB;1TB;8.7;""6.8"""""";228;5100;1;--;546;1"
"Xiaomi Redmi K60 Extreme Edition;16GB;256GB;8.7;""6.7"""""";204;5000;1;--;413;1"
"Xiaomi Redmi K60 Extreme Edition;16GB;512GB;8.7;""6.7"""""";204;5000;1;--;443;1"
"Xiaomi Redmi K60 Extreme Edition;16GB;1TB;8.7;""6.7"""""";204;5000;5;8.7;523;1"
"Xiaomi Redmi K60 Extreme Edition;24GB;1TB;8.7;""6.7"""""";204;5000;26;9.1;583;1"
"Xiaomi 13T;8GB;256GB;8.7;""6.7"""""";197;5000;26;9.1;323;15"
"Apple iPhone 15;6GB;256GB;8.7;""6.1"""""";171;3877;13;8.9;805;16"
"Apple iPhone 15;6GB;256GB;8.7;""6.1"""""";171;3877;34;8.8;N/A;N/A"
"Apple iPhone 15 Plus;6GB;512GB;8.7;""6.7"""""";201;4383;54;9.0;1096;9"
"Apple iPhone 15 Pro Max;8GB;256GB;8.7;""6.7"""""";221;4441;20;8.3;1129;16"
"Apple iPhone 15 Pro Max;8GB;256GB;8.7;""6.7"""""";221;4441;54;9.0;N/A;N/A"
"Nubia Red Magic 9 Pro;12GB;512GB;8.7;""6.8"""""";229;6500;10;9.1;793;2"
"vivo X Fold3;12GB;256GB;8.7;""6.5"""""";219;5500;22;9.2;1016;3"
"vivo X Fold3;16GB;256GB;8.7;""6.5"""""";219;5500;12;8.7;1070;3"
"vivo X Fold3;16GB;512GB;8.7;""6.5"""""";219;5500;24;8.8;1136;3"
"Sony Xperia 1 VI;12GB;512GB;8.7;""6.5"""""";192;5000;12;8.7;1151;3"
"Motorola Moto X50 Ultra;12GB;256GB;8.7;""6.7"""""";197;4500;16;8.6;583;2"
"Motorola Moto X50 Ultra;12GB;512GB;8.7;""6.7"""""";197;4500;50;9.4;623;2"
"Doogee V Max Plus;16GB;512GB;8.7;""6.6"""""";570;22000;56;8.1;359;8"
"Oppo Reno12 Pro;12GB;256GB;8.7;""6.7"""""";183;5000;40;9.1;596;2"
"Oppo Reno12 Pro;16GB;256GB;8.7;""6.7"""""";183;5000;34;8.8;615;2"
"Oppo Reno12 Pro;16GB;512GB;8.7;""6.7"""""";183;5000;86;8.9;693;3"
"Honor 200;12GB;512GB;8.7;""6.7"""""";187;5200;44;9.6;343;11"
"Oppo Reno12 Pro;12GB;512GB;8.7;""6.7"""""";180;5000;58;8.7;399;18"
"Xiaomi Redmi K70;16GB;256GB;8.7;""6.7"""""";209;5000;30;9.3;400;3"
"Xiaomi Redmi K70;16GB;512GB;8.7;""6.7"""""";209;5000;51;9.1;453;2"
"Xiaomi Redmi K70;16GB;1TB;8.7;""6.7"""""";209;5000;4;--;586;1"
"Meizu 21;12GB;256GB;8.7;""6.6"""""";198;4800;58;9.4;523;1"
"Meizu 21;12GB;512GB;8.7;""6.6"""""";198;4800;3;--;603;1"
"Vivo iQOO 12;16GB;512GB;8.7;""6.8"""""";204;5000;58;9.4;1042;1"
"Xiaomi Redmi Note 13 Pro+;12GB;512GB;8.7;""6.7"""""";204;5000;58;9.4;305;26"
"vivo iQOO Neo9 Pro;12GB;256GB;8.7;""6.8"""""";196;5160;46;9.5;502;2"
"Samsung Galaxy S24+;12GB;256GB;8.7;""6.7"""""";196;4900;58;9.4;923;2"
"Samsung Galaxy S24;America;·;8.7;""6.2"""""";167;4000;17;9.6;N/A;N/A"
"Samsung Galaxy S24+;America;·;8.7;""6.7"""""";196;4900;17;9.6;N/A;N/A"
"nubia Z60 Ultra Year of the dragon;24GB;1TB;8.7;""6.8"""""";246;6000;17;9.6;998;1"
"Asus Zenfone 11 Ultra;America;·;8.7;""6.8"""""";225;5500;1;--;N/A;N/A"
"Honor Magic6 RSR;24GB;1TB;8.7;""6.8"""""";237;5600;177;9.1;1569;2"
"Samsung Galaxy S24;8GB;512GB;8.7;""6.2"""""";167;4000;63;9.0;831;2"
"Xiaomi Civi 4 Pro;16GB;512GB;8.7;""6.6"""""";179;4700;177;9.1;633;1"
"Apple iPhone 16 Pro;8GB;128GB;8.7;""6.3"""""";199;3582;20;8.6;1311;1"
"Apple iPhone 16 Pro Max;8GB;256GB;8.7;""6.9"""""";227;4685;8;9.3;N/A;N/A"
"Apple iPhone 16 Pro Max;8GB;512GB;8.7;""6.9"""""";227;4685;16;9.4;N/A;N/A"
"Vivo iQOO Z9 Turbo+;12GB;256GB;8.7;""6.8"""""";196;6400;6;8.0;353;3"
"Vivo iQOO Z9 Turbo+;12GB;512GB;8.7;""6.8"""""";196;6400;22;9.1;464;2"
"Vivo iQOO Z9 Turbo+;16GB;256GB;8.7;""6.8"""""";196;6400;19;9.6;448;2"
"Vivo iQOO Z9 Turbo+;16GB;512GB;8.7;""6.8"""""";196;6400;19;9.6;463;3"
"Xiaomi Mix Flip;12GB;512GB;8.7;""6.9"""""";192;4780;19;9.6;873;15"
"Samsung Galaxy S24 FE;8GB;256GB;8.7;""6.7"""""";213;4700;31;9.1;541;13"
"vivo X Fold3 Pro;12GB;256GB;8.7;""6.5"""""";236;5700;31;9.1;1203;1"
"Nubia Red Magic 9S Pro+;16GB;512GB;8.7;""6.8"""""";229;5500;31;9.1;940;2"
"Google Pixel 9 Pro XL;16GB;256GB;8.7;""6.8"""""";221;5060;14;8.8;1043;11"
"Google Pixel 9 Pro XL;16GB;512GB;8.7;""6.8"""""";221;5060;14;8.8;1194;7"
"Apple iPhone 16 Pro;8GB;512GB;8.6;""6.3"""""";199;3582;7;9.7;1375;9"
"Apple iPhone 16;8GB;256GB;8.7;""6.1"""""";170;3561;1;--;899;18"
"Apple iPhone 16 Pro Max;America;·;8.7;""6.9"""""";227;4685;14;9.5;N/A;N/A"
"Apple iPhone 16 Pro Max;America;·;8.7;""6.9"""""";227;4685;7;9.5;N/A;N/A"
"Apple iPhone 16 Plus;8GB;128GB;8.7;""6.7"""""";199;4674;6;9.5;1242;1"
"Samsung Galaxy S20 Plus 5G;12GB;128GB;8.6;""6.7"""""";188;4500;49;8.9;369;5"
"Samsung Galaxy S20 Plus 5G;12GB;128GB;8.6;""6.7"""""";188;4500;52;9.1;N/A;N/A"
"Samsung Galaxy S20 Ultra;12GB;128GB;8.6;""6.9"""""";222;5000;49;8.9;N/A;N/A"
"Vivo X90 Pro;8GB;256GB;8.6;""6.8"""""";215;4870;49;8.9;806;2"
"Vivo X90;8GB;256GB;8.6;""6.8"""""";200;4810;15;9.0;646;2"
"Vivo X90;12GB;256GB;8.6;""6.8"""""";200;4810;15;9.0;706;2"
"Vivo X90;12GB;512GB;8.6;""6.8"""""";200;4810;15;9.0;814;2"
"ZTE Axon 40 Ultra Space Edition;18GB;1TB;8.6;""6.8"""""";204;5000;15;9.0;380;2"
"Xiaomi 13;12GB;256GB;8.6;""6.4"""""";189;4500;59;9.2;553;3"
"Xiaomi 13;12GB;512GB;8.6;""6.4"""""";189;4500;25;9.6;609;3"
"Nubia Z50;12GB;256GB;8.6;""6.7"""""";199;5000;10;8.6;592;1"
"Samsung Galaxy S22+;America;·;8.6;""6.6"""""";195;4500;10;8.6;N/A;N/A"
"realme GT 2 Pro;8GB;128GB;8.6;""6.7"""""";189;5000;10;8.6;653;3"
"Motorola Edge 30 Pro;12GB;256GB;8.6;""6.7"""""";196;4800;25;9.6;395;3"
"realme GT 2 Pro;12GB;256GB;8.6;""6.7"""""";189;5000;1;--;509;4"
"Honor Magic4 Pro;8GB;256GB;8.6;""6.8"""""";215;4600;1;--;991;2"
"OnePlus 10T;16GB;256GB;8.6;""6.7"""""";203;4800;1;--;649;3"
"Apple iPhone 14 Plus;6GB;128GB;8.6;""6.7"""""";203;4325;10;9.3;719;10"
"Apple iPhone 14;America;·;8.6;""6.1"""""";172;3279;1;--;N/A;N/A"
"Apple iPhone 14 Plus;6GB;256GB;8.6;""6.7"""""";203;4325;5;8.7;765;13"
"Oppo Reno 6 Pro;12GB;256GB;8.6;""6.6"""""";188;4500;9;9.4;329;3"
"Apple iPhone 13 Pro Max;6GB;128GB;8.6;""6.7"""""";238;4373;9;9.4;N/A;N/A"
"Google Pixel 6 Pro;12GB;128GB;8.6;""6.7"""""";210;5000;5;8.7;N/A;N/A"
"Xiaomi 12X;8GB;256GB;8.6;""6.3"""""";176;4500;1;--;252;6"
"Samsung Galaxy S22+;8GB;128GB;8.6;""6.6"""""";195;4500;1;--;662;1"
"Samsung Galaxy S21 Ultra;America;·;8.6;""6.8"""""";229;5000;2;--;N/A;N/A"
"Xiaomi Mi 11 Ultra;8GB;256GB;8.6;""6.8"""""";234;5000;1;--;379;1"
"Xiaomi Mi 11;8GB;256GB;8.6;""6.8"""""";196;4600;1;--;279;3"
"Oppo Find X3 Pro;12GB;256GB;8.6;""6.7"""""";193;4500;1;--;599;2"
"OnePlus 8 Pro;12GB;256GB;8.6;""6.8"""""";199;4510;1;--;354;3"
"Vivo X90 Pro;12GB;256GB;8.6;""6.8"""""";215;4870;21;9.5;N/A;N/A"
"Samsung Galaxy S23;8GB;128GB;8.6;""6.1"""""";168;3900;49;8.9;459;14"
"OnePlus 11R;8GB;128GB;8.6;""6.7"""""";204;5000;49;8.3;N/A;N/A"
"Samsung Galaxy S23;8GB;256GB;8.6;""6.1"""""";168;3900;49;8.3;545;14"
"Samsung Galaxy S23;America;·;8.6;""6.1"""""";168;3900;61;8.8;N/A;N/A"
"Samsung Galaxy S23+;8GB;512GB;8.6;""6.6"""""";196;4700;45;8.6;N/A;N/A"
"Samsung Galaxy S23;8GB;128GB;8.6;""6.1"""""";168;3900;22;9.2;N/A;N/A"
"Honor Magic5 Pro;8GB;256GB;8.6;""6.8"""""";219;5100;22;9.2;811;2"
"Honor Magic5 Pro;12GB;256GB;8.6;""6.8"""""";219;5100;32;9.0;882;2"
"Honor Magic5 Ultimate;16GB;512GB;8.6;""6.8"""""";217;5450;5;8.7;1050;2"
"Meizu 20 Pro;12GB;128GB;8.6;""6.8"""""";209;5000;26;9.1;N/A;N/A"
"Poco F5;8GB;256GB;8.6;""6.7"""""";181;5000;48;8.5;243;8"
"Poco F5 Pro;12GB;512GB;8.6;""6.7"""""";205;5160;48;8.5;416;6"
"Poco F5;12GB;256GB;8.6;""6.7"""""";181;5000;48;8.5;275;9"
"Honor 90 5G;12GB;512GB;8.6;""6.7"""""";183;5000;46;8.2;249;15"
"Nubia Red Magic 8S Pro;12GB;256GB;8.6;""6.8"""""";228;6000;46;8.2;727;2"
"Nubia Z50s Pro;12GB;256GB;8.6;""6.8"""""";228;5100;68;8.7;492;2"
"Xiaomi Redmi K60 Extreme Edition;12GB;256GB;8.6;""6.7"""""";204;5000;68;8.7;383;1"
"Apple iPhone 15;6GB;512GB;8.6;""6.1"""""";171;3877;72;9.0;990;15"
"Apple iPhone 15 Pro;8GB;256GB;8.6;""6.1"""""";187;3650;11;9.3;1065;13"
"Apple iPhone 15 Pro;8GB;512GB;8.6;""6.1"""""";187;3650;8;9.7;1155;13"
"Apple iPhone 15 Pro;8GB;1TB;8.6;""6.1"""""";187;3650;8;9.7;1205;11"
"Apple iPhone 15 Pro Max;8GB;512GB;8.6;""6.7"""""";221;4441;8;9.7;1265;13"
"Apple iPhone 15 Pro Max;8GB;1TB;8.6;""6.7"""""";221;4441;11;9.3;1305;9"
"Apple iPhone 15 Pro Max;8GB;256GB;8.6;""6.7"""""";221;4441;11;9.3;1737;1"
"Google Pixel 8;8GB;128GB;8.6;""6.2"""""";187;4575;22;9.2;433;14"
"Google Pixel 8;8GB;128GB;8.6;""6.2"""""";187;4575;9;9.3;414;1"
"Nubia Red Magic 9 Pro+;16GB;512GB;8.6;""6.8"""""";228;5500;30;9.3;759;3"
"vivo X Fold3;16GB;1TB;8.6;""6.5"""""";219;5500;24;8.8;1238;3"
"vivo X Fold3 Pro;16GB;512GB;8.6;""6.5"""""";236;5700;24;8.8;1359;4"
"Infinix GT 20 Pro;12GB;256GB;8.6;""6.8"""""";194;5000;12;8.7;266;2"
"realme GT Neo6;16GB;1TB;8.6;""6.8"""""";191;5500;12;8.7;518;2"
"vivo S19 Pro;8GB;256GB;8.6;""6.8"""""";192;5500;30;9.3;N/A;N/A"
"Xiaomi Redmi K70;12GB;256GB;8.6;""6.7"""""";209;5000;34;9.0;424;1"
"Xiaomi Redmi Note 13 Pro 5G;8GB;256GB;8.6;""6.7"""""";187;5100;40;9.1;228;26"
"vivo S18 Pro;12GB;256GB;8.6;""6.8"""""";188;5000;47;8.7;502;1"
"vivo S18 Pro;16GB;256GB;8.6;""6.8"""""";188;5000;59;8.8;613;1"
"vivo S18 Pro;16GB;512GB;8.6;""6.8"""""";188;5000;59;8.8;646;1"
"Xiaomi Redmi Note 13 Pro+;8GB;256GB;8.6;""6.7"""""";204;5000;51;9.1;261;25"
"Xiaomi Redmi Note 13 Pro 5G;12GB;512GB;8.6;""6.7"""""";187;5100;58;9.4;279;20"
"Xiaomi Redmi Note 13 Pro 5G;12GB;256GB;8.6;""6.7"""""";187;5100;46;9.5;N/A;N/A"
"vivo iQOO Neo9;12GB;256GB;8.6;""6.8"""""";196;5160;58;9.4;403;2"
"vivo iQOO Neo9;16GB;256GB;8.6;""6.8"""""";196;5160;58;9.4;427;2"
"vivo iQOO Neo9;16GB;512GB;8.6;""6.8"""""";196;5160;58;9.4;476;2"
"vivo iQOO Neo9;16GB;1TB;8.6;""6.8"""""";196;5160;124;9.5;564;2"
"vivo iQOO Neo9 Pro;12GB;512GB;8.6;""6.8"""""";196;5160;24;8.5;547;2"
"vivo iQOO Neo9 Pro;16GB;512GB;8.6;""6.8"""""";196;5160;2;--;615;1"
"vivo iQOO Neo9 Pro;16GB;1TB;8.6;""6.8"""""";196;5160;63;9.0;663;2"
"Samsung Galaxy S24 Ultra;12GB;256GB;8.6;""6.8"""""";232;5000;63;9.0;1077;1"
"Samsung Galaxy S24;8GB;256GB;8.6;""6.2"""""";167;4000;5;9.2;753;2"
"realme 12 Pro+;8GB;256GB;8.6;""6.7"""""";196;5000;14;9.1;298;7"
"realme 12 Pro+;12GB;256GB;8.6;""6.7"""""";196;5000;20;8.6;394;1"
"realme 12 Pro+;12GB;512GB;8.6;""6.7"""""";196;5000;20;8.6;340;15"
"Samsung Galaxy S24;America;·;8.6;""6.2"""""";167;4000;8;9.3;N/A;N/A"
"Apple iPhone 16 Plus;8GB;256GB;8.6;""6.7"""""";199;4674;8;9.3;1381;1"
"Apple iPhone 16 Pro;8GB;256GB;8.6;""6.3"""""";199;3582;7;9.5;1405;1"
"Apple iPhone 16 Pro;8GB;1TB;8.6;""6.3"""""";199;3582;1;--;N/A;N/A"
"Samsung Galaxy S25 Ultra;12GB;256GB;8.6;""6.9"""""";219;5000;18;8.7;N/A;N/A"
"Xiaomi Redmi Note 14 Pro+;16GB;512GB;8.6;""6.7"""""";211;6200;1;--;421;2"
"Samsung Galaxy S24 FE;8GB;512GB;8.6;""6.7"""""";213;4700;5;9.0;832;1"
"Vivo X200 Pro;16GB;256GB;8.6;""6.8"""""";223;6000;14;9.1;N/A;N/A"
"vivo V40 5G;12GB;512GB;8.6;""6.8"""""";190;5500;8;9.3;519;6"
"vivo S18 Pro;12GB;512GB;8.6;""6.8"""""";188;5000;14;8.8;597;1"
"ZTE Axon A41 Ultra;12GB;512GB;8.6;""6.7"""""";199;5000;14;8.8;239;2"
"OnePlus Nord 4;12GB;256GB;8.6;""6.7"""""";199;5500;14;8.8;431;11"
"Motorola Edge 50;12GB;512GB;8.6;""6.7"""""";180;5000;7;9.7;409;7"
"Honor 200;12GB;256GB;8.6;""6.7"""""";187;5200;5;9.1;282;4"
"Honor 200;8GB;256GB;8.6;""6.7"""""";187;5200;5;9.1;330;2"
"OnePlus Nord 4;16GB;512GB;8.6;""6.7"""""";199;5500;10;9.3;418;11"
"Xiaomi Mix Flip;12GB;256GB;8.6;""6.9"""""";190;4780;10;9.3;873;3"
"ZTE Axon 60 Ultra;16GB;1TB;8.6;""6.8"""""";228;6000;10;9.3;N/A;N/A"
"realme 13 Pro+;12GB;256GB;8.6;""6.7"""""";185;5200;10;9.3;369;2"
"realme 13 Pro+;12GB;512GB;8.6;""6.7"""""";185;5200;4;--;366;8"
"Google Pixel 9 Pro;16GB;128GB;8.6;""6.3"""""";199;4700;4;--;950;7"
"Google Pixel 9 Pro XL;America;·;8.6;""6.8"""""";221;5060;12;9.0;N/A;N/A"
"vivo V40 5G;12GB;256GB;8.6;""6.8"""""";190;5500;14;9.5;419;3"
"Sharp Aquos R9;8GB;256GB;8.6;""6.5"""""";195;5500;7;9.5;793;1"
"Apple iPhone 16;8GB;512GB;8.6;""6.1"""""";170;3561;7;9.5;1125;15"
"Apple iPhone 16;America;·;8.1;""6.1"""""";170;3561;12;9.0;N/A;N/A"
"Apple iPhone 16 Pro;America;·;8.6;""6.3"""""";199;3582;12;9.0;N/A;N/A"
"Apple iPhone 16;8GB;128GB;8.7;""6.1"""""";170;3561;7;9.5;1079;1"
"Oppo Find X2 Pro;12GB;512GB;8.5;""6.7"""""";207;4260;1;--;499;2"
"Samsung Galaxy Note20 Ultra;America;·;8.5;""6.9"""""";209;4500;1;--;N/A;N/A"
"Samsung Galaxy S20 5G;12GB;128GB;8.5;""6.2"""""";163;4000;1;--;349;4"
"Samsung Galaxy S20 5G;12GB;128GB;8.5;""6.2"""""";163;4000;1;--;359;1"
"Samsung Galaxy S20 Plus 5G;12GB;512GB;8.5;""6.7"""""";188;4500;49;8.9;N/A;N/A"
"Samsung Galaxy S20 Ultra;16GB;512GB;8.5;""6.9"""""";222;5000;39;8.7;N/A;N/A"
"OnePlus 10T;America;·;8.5;""6.7"""""";203;4800;39;8.7;N/A;N/A"
"Xiaomi 12T;8GB;256GB;8.5;""6.7"""""";202;5000;59;9.2;299;11"
"ZTE Axon 40 Ultra Space Edition;12GB;512GB;8.5;""6.8"""""";204;5000;8;8.8;N/A;N/A"
"Xiaomi 13;8GB;256GB;8.5;""6.4"""""";189;4500;1;--;513;1"
"Xiaomi 12 Pro;8GB;128GB;8.5;""6.7"""""";205;4600;1;--;453;1"
"Xiaomi 12 Pro;12GB;256GB;8.5;""6.7"""""";205;4600;1;--;503;1"
"Xiaomi 12 Pro;8GB;256GB;8.5;""6.7"""""";205;4600;1;--;473;1"
"OnePlus 10 Pro;8GB;256GB;8.5;""6.7"""""";200;5000;1;--;N/A;N/A"
"OnePlus 10 Pro;12GB;256GB;8.5;""6.7"""""";200;5000;1;--;N/A;N/A"
"Samsung Galaxy S22;8GB;128GB;8.5;""6.1"""""";167;3700;5;8.7;379;11"
"Samsung Galaxy S22;8GB;256GB;8.5;""6.1"""""";167;3700;5;8.7;519;7"
"Samsung Galaxy S22 Ultra;America;·;8.5;""6.8"""""";229;5000;1;--;N/A;N/A"
"Xiaomi 12S Ultra;8GB;256GB;8.5;""6.7"""""";225;4860;1;--;743;1"
"Xiaomi 12S Pro;8GB;256GB;8.5;""6.7"""""";204;4600;8;8.8;513;1"
"Xiaomi 12S Pro;12GB;256GB;8.5;""6.7"""""";204;4600;1;--;593;1"
"Xiaomi 12S Pro;12GB;512GB;8.5;""6.7"""""";204;4600;1;--;643;1"
"Xiaomi 12S Ultra;12GB;256GB;8.5;""6.7"""""";225;4860;1;--;753;1"
"Xiaomi 12S Ultra;12GB;512GB;8.5;""6.7"""""";225;4860;1;--;843;1"
"OnePlus 10T;8GB;128GB;8.5;""6.7"""""";203;4800;1;--;349;4"
"OnePlus Ace Pro;16GB;512GB;8.5;""6.7"""""";203;4800;49;8.9;N/A;N/A"
"Apple iPhone 14 Pro;6GB;128GB;8.5;""6.1"""""";206;3200;265;8.8;865;7"
"Apple iPhone 14;6GB;256GB;8.5;""6.1"""""";172;3279;61;8.8;721;16"
"Apple iPhone 14;6GB;128GB;8.5;""6.1"""""";172;3279;61;8.8;N/A;N/A"
"Apple iPhone 14 Plus;6GB;512GB;8.5;""6.7"""""";203;4325;16;9.2;919;10"
"Apple iPhone 14 Plus;6GB;256GB;8.5;""6.7"""""";203;4325;21;9.2;1079;1"
"Apple iPhone 14 Pro;6GB;1TB;8.5;""6.1"""""";206;3200;13;8.4;1073;5"
"Apple iPhone 13 Pro;6GB;128GB;8.5;""6.1"""""";203;3125;5;9.2;N/A;N/A"
"Xiaomi 12X;8GB;128GB;8.5;""6.3"""""";176;4500;5;9.2;299;5"
"Apple iPhone 12 Pro Max;6GB;128GB;8.5;""6.7"""""";226;3687;5;9.2;890;1"
"OnePlus 9 Pro;America;·;8.5;""6.7"""""";197;4500;10;8.3;N/A;N/A"
"OnePlus 9 Pro;America;·;8.5;""6.7"""""";197;4500;65;8.8;N/A;N/A"
"OnePlus 8 Pro;8GB;128GB;8.5;""6.8"""""";199;4510;65;8.8;299;2"
"Samsung Galaxy S23;America;·;8.5;""6.1"""""";168;3900;128;8.4;N/A;N/A"
"Samsung Galaxy S23+;America;·;8.5;""6.6"""""";196;4700;65;8.8;N/A;N/A"
"Samsung Galaxy S23;8GB;128GB;8.5;""6.1"""""";168;3900;128;8.4;N/A;N/A"
"Samsung Galaxy S23;8GB;256GB;8.5;""6.1"""""";168;3900;68;8.7;N/A;N/A"
"Samsung Galaxy S23 Ultra;12GB;256GB;8.5;""6.8"""""";233;5000;68;8.7;1100;1"
"Xiaomi Redmi Note 12 Pro+ 5G;8GB;256GB;8.5;""6.7"""""";208;5000;35;9.1;230;13"
"Meizu 20;12GB;128GB;8.5;""6.6"""""";190;4700;1;--;N/A;N/A"
"Poco F5 Pro;8GB;256GB;8.5;""6.7"""""";205;5160;1;--;439;5"
"Poco F5 Pro;12GB;256GB;8.5;""6.7"""""";205;5160;1;--;399;9"
"Sony Xperia 1 V;12GB;256GB;8.5;""6.5"""""";187;5000;7;8.7;851;4"
"realme 11 Pro+;12GB;512GB;8.5;""6.7"""""";189;5000;36;9.0;378;7"
"Honor 90 5G;8GB;256GB;8.5;""6.7"""""";183;5000;32;9.0;259;11"
"Honor 90 5G;12GB;256GB;8.5;""6.7"""""";183;5000;24;8.8;236;4"
"Nubia Red Magic 8S Pro;12GB;256GB;8.6;""6.8"""""";228;6000;24;8.8;723;1"
"Nubia Red Magic 8S Pro;8GB;128GB;8.5;""6.8"""""";228;6000;12;8.7;673;1"
"realme GT Neo6;12GB;256GB;8.5;""6.8"""""";191;5500;30;9.3;386;2"
"Oppo Reno10 Pro;16GB;256GB;8.5;""6.7"""""";185;4600;30;9.3;284;6"
"Nothing Phone (2);12GB;256GB;8.5;""6.7"""""";201;4700;43;8.5;459;12"
"Oppo Reno10 Pro;12GB;256GB;8.5;""6.7"""""";185;4600;43;8.5;310;5"
"Samsung Galaxy Z Fold5;America;·;8.5;""6.2"""""";253;4400;21;9.2;N/A;N/A"
"realme 11 Pro+;12GB;256GB;8.5;""6.7"""""";189;5000;58;9.2;314;1"
"Apple iPhone 15 Plus;6GB;512GB;8.5;""6.7"""""";201;4383;58;9.2;N/A;N/A"
"Google Pixel 8;8GB;256GB;8.5;""6.2"""""";187;4575;21;9.0;499;12"
"Google Pixel 8;America;·;8.5;""6.2"""""";187;4575;56;8.1;N/A;N/A"
"Google Pixel 8;America;·;8.5;""6.2"""""";187;4575;68;8.7;N/A;N/A"
"Nubia Red Magic 9 Pro+;16GB;256GB;8.5;""6.8"""""";228;5500;36;9.0;843;2"
"vivo X Fold3 Pro;16GB;1TB;8.5;""6.5"""""";236;5700;36;9.0;1495;3"
"vivo V30;12GB;256GB;8.5;""6.8"""""";186;5000;47;8.7;537;1"
"vivo V30;12GB;512GB;8.5;""6.8"""""";186;5000;47;8.7;495;2"
"Xiaomi Redmi Turbo 3;12GB;256GB;8.5;""6.7"""""";179;5000;47;8.7;273;3"
"Xiaomi Redmi Turbo 3;12GB;512GB;8.5;""6.7"""""";179;5000;70;8.5;424;1"
"Xiaomi Redmi Turbo 3;16GB;512GB;8.5;""6.7"""""";179;5000;42;9.1;343;3"
"Xiaomi Redmi Turbo 3;16GB;1TB;8.5;""6.7"""""";179;5000;42;9.1;443;2"
"realme GT Neo6 SE;16GB;256GB;8.5;""6.8"""""";191;5500;70;8.5;377;1"
"realme GT Neo6 SE;16GB;512GB;8.5;""6.8"""""";191;5500;42;9.1;418;2"
"Motorola Edge 50 Fusion;12GB;512GB;8.5;""6.7"""""";175;5000;86;8.9;338;7"
"Ulefone Armor 26 Ultra;12GB;512GB;8.5;""6.8"""""";600;15600;24;9.3;415;8"
"Infinix GT 20 Pro;8GB;256GB;8.5;""6.8"""""";194;5000;59;8.8;295;1"
"realme GT Neo6;16GB;256GB;8.5;""6.8"""""";191;5500;61;8.8;418;2"
"realme GT Neo6;16GB;512GB;8.5;""6.8"""""";191;5500;10;8.8;467;2"
"Motorola Edge 50 Fusion;12GB;256GB;8.5;""6.7"""""";175;5000;124;9.5;299;14"
"Motorola Edge 50 Fusion;8GB;256GB;8.5;""6.7"""""";175;5000;58;9.4;259;8"
"Motorola Edge (2024);America;·;8.5;""6.6"""""";174;5000;58;9.4;N/A;N/A"
"vivo X Fold3 Pro;16GB;512GB;8.5;""6.5"""""";236;5700;1;--;N/A;N/A"
"Vivo X100 Pro;16GB;512GB;8.5;""6.8"""""";225;5400;16;9.2;N/A;N/A"
"Honor 90 GT;12GB;256GB;8.5;""6.7"""""";185;5000;6;9.6;416;2"
"Honor 90 GT;16GB;256GB;8.5;""6.7"""""";185;5000;10;7.9;548;1"
"Honor 90 GT;16GB;512GB;8.5;""6.7"""""";185;5000;6;9.5;614;1"
"Honor 90 GT;24GB;1TB;8.5;""6.7"""""";185;5000;6;9.5;713;1"
"Xiaomi Redmi Note 13 Pro 5G;8GB;128GB;8.5;""6.7"""""";187;5100;35;9.2;228;12"
"Poco X6;12GB;256GB;8.5;""6.7"""""";181;5100;7;9.6;210;18"
"Poco X6;8GB;256GB;8.5;""6.7"""""";181;5100;1;--;188;15"
"Poco X6;12GB;512GB;8.5;""6.7"""""";181;5100;18;8.7;289;13"
"Samsung Galaxy S24 Ultra;America;·;8.5;""6.8"""""";232;5000;5;9.3;N/A;N/A"
"Apple iPhone 16 Pro Max;8GB;256GB;8.5;""6.9"""""";227;4685;18;8.7;1642;1"
"Apple iPhone 16 Plus;8GB;512GB;8.5;""6.7"""""";199;4674;8;9.3;N/A;N/A"
"Apple iPhone 16 Pro;8GB;128GB;8.5;""6.3"""""";199;3582;5;9.0;N/A;N/A"
"Apple iPhone 16 Pro;8GB;256GB;8.5;""6.3"""""";199;3582;33;9.0;N/A;N/A"
"Apple iPhone 16 Pro;8GB;512GB;8.5;""6.3"""""";199;3582;8;8.8;N/A;N/A"
"Xiaomi Redmi Note 14 Pro+;12GB;256GB;8.5;""6.7"""""";211;6200;19;9.6;366;2"
"Xiaomi Redmi Note 14 Pro+;12GB;512GB;8.5;""6.7"""""";211;6200;31;9.1;388;2"
"Doogee V Max Pro;12GB;512GB;8.5;""6.6"""""";570;22000;31;9.1;364;5"
"Oppo Reno12;12GB;256GB;8.5;""6.7"""""";179;5000;31;9.1;309;18"
"ZTE Axon A41 Ultra;12GB;256GB;8.5;""6.7"""""";199;5000;3;--;240;1"
"ZTE Axon A41 Ultra;8GB;256GB;8.5;""6.7"""""";199;5000;7;9.7;205;3"
"realme 13 Pro+;8GB;256GB;8.5;""6.7"""""";185;5200;7;9.3;315;5"
"Nubia Red Magic 9S Pro+;24GB;1TB;8.5;""6.8"""""";229;5500;7;9.3;1218;1"
"Xiaomi Mix Flip;12GB;512GB;8.5;""6.9"""""";190;4780;4;--;1023;3"
"Xiaomi Mix Fold 4;12GB;256GB;8.5;""6.6"""""";226;5100;2;--;1253;2"
"Xiaomi Mix Fold 4;16GB;512GB;8.5;""6.6"""""";226;5100;2;--;1380;3"
"OnePlus Nord 4;8GB;256GB;8.5;""6.7"""""";199;5500;12;9.0;N/A;N/A"
"Nothing Phone (2a) Plus;12GB;256GB;8.5;""6.7"""""";190;5000;1;--;387;14"
"OnePlus Nord 4;8GB;128GB;8.5;""6.7"""""";199;5500;1;--;N/A;N/A"
"Google Pixel 9;12GB;128GB;8.5;""6.3"""""";198;4700;1;--;685;13"
"Google Pixel 9 Pro;16GB;256GB;8.5;""6.3"""""";199;4700;1;--;1038;8"
"Google Pixel 9;America;·;8.5;""6.3"""""";198;4700;12;8.6;N/A;N/A"
"Google Pixel 9;12GB;128GB;8.5;""6.3"""""";198;4700;12;8.6;653;1"
"Infinix Zero 40;12GB;256GB;8.5;""6.8"""""";195;5000;12;8.6;569;1"
"Apple iPhone 16 Pro Max;8GB;1TB;8.5;""6.9"""""";227;4685;12;8.6;1939;8"
"Apple iPhone 16 Pro;8GB;1TB;8.5;""6.3"""""";199;3582;3;--;1595;11"
"Apple iPhone 16 Plus;America;·;8.5;""6.7"""""";199;4674;3;--;N/A;N/A"
"Apple iPhone 16 Pro;America;·;8.5;""6.3"""""";199;3582;30;8.9;N/A;N/A"
"Apple iPhone 16 Pro;America;·;8.5;""6.3"""""";199;3582;3;--;N/A;N/A"
"Apple iPhone 16;8GB;256GB;8.5;""6.1"""""";170;3561;59;9.2;1189;1"
"Samsung Galaxy Note20 Ultra;12GB;256GB;8.4;""6.9"""""";209;4500;59;9.2;399;4"
"Samsung Galaxy S20 FE;6GB;128GB;8.4;""6.5"""""";190;4500;59;9.2;279;7"
"Samsung Galaxy S20 Plus;8GB;128GB;8.4;""6.7"""""";186;4500;59;9.2;379;6"
"Samsung Galaxy S20 Plus 5G;12GB;512GB;8.4;""6.7"""""";188;4500;5;9.5;549;1"
"Xiaomi 13 Lite;8GB;128GB;8.4;""6.6"""""";171;4500;9;9.2;359;7"
"Motorola Edge 30 Fusion;12GB;256GB;8.4;""6.6"""""";175;4400;9;9.2;N/A;N/A"
"Oppo Reno9 Pro+;16GB;256GB;8.4;""6.7"""""";192;4700;1;--;545;2"
"Oppo Reno9 Pro+;16GB;512GB;8.4;""6.7"""""";192;4700;1;--;629;2"
"Nubia Red Magic 8 Pro;8GB;128GB;8.4;""6.8"""""";228;6000;1;--;N/A;N/A"
"Xiaomi Redmi K60 Pro;8GB;256GB;8.4;""6.7"""""";205;5000;2;--;473;1"
"Xiaomi Redmi K60 Pro;12GB;256GB;8.4;""6.7"""""";205;5000;1;--;543;1"
"Xiaomi Redmi K60 Pro;12GB;512GB;8.4;""6.7"""""";205;5000;1;--;583;1"
"Xiaomi Redmi K60;12GB;512GB;8.4;""6.7"""""";205;5500;2;--;353;1"
"Xiaomi 12;8GB;128GB;8.4;""6.3"""""";180;4500;1;--;433;1"
"Xiaomi 12;12GB;256GB;8.4;""6.3"""""";180;4500;1;--;533;1"
"Samsung Galaxy S21 FE 5G;6GB;128GB;8.4;""6.4"""""";177;4500;1;--;315;8"
"Xiaomi 12;8GB;256GB;8.4;""6.3"""""";180;4500;49;8.9;473;1"
"Samsung Galaxy S21 FE 5G;America;·;8.4;""6.4"""""";177;4500;265;8.8;399;1"
"Samsung Galaxy S21 FE 5G;8GB;256GB;8.4;""6.4"""""";177;4500;265;8.8;457;7"
"Samsung Galaxy S22;America;·;8.4;""6.1"""""";167;3700;49;8.3;N/A;N/A"
"Samsung Galaxy S22;America;·;8.4;""6.1"""""";167;3700;4;--;N/A;N/A"
"realme GT 2;12GB;256GB;8.4;""6.6"""""";194;5000;4;--;675;1"
"Xiaomi 12S;8GB;256GB;8.4;""6.3"""""";182;4500;29;8.7;483;1"
"Xiaomi 12S;12GB;256GB;8.4;""6.3"""""";182;4500;29;8.7;523;1"
"Xiaomi 12S;12GB;512GB;8.4;""6.3"""""";182;4500;29;8.7;553;1"
"Asus ROG Phone 6;16GB;512GB;8.4;""6.8"""""";239;6000;19;8.9;843;7"
"realme GT Neo 3;8GB;128GB;8.4;""6.7"""""";188;5000;13;8.4;399;1"
"Xiaomi 12T;8GB;128GB;8.4;""6.7"""""";202;5000;13;8.4;299;6"
"Apple iPhone 14;6GB;128GB;8.4;""6.1"""""";172;3279;40;9.1;597;17"
"Apple iPhone 14;6GB;512GB;8.4;""6.1"""""";172;3279;40;9.1;870;10"
"Apple iPhone 14 Plus;6GB;128GB;8.4;""6.7"""""";203;4325;68;8.7;978;1"
"Apple iPhone 14 Pro;6GB;256GB;8.4;""6.1"""""";206;3200;72;9.0;1099;5"
"Apple iPhone 14 Pro;6GB;512GB;8.4;""6.1"""""";206;3200;35;9.1;1319;5"
"Apple iPhone 14 Pro Max;America;·;8.4;""6.7"""""";240;4323;68;8.9;N/A;N/A"
"Apple iPhone 14 Pro Max;6GB;1TB;8.4;""6.7"""""";240;4323;56;8.9;N/A;N/A"
"Motorola Edge 30 Fusion;8GB;128GB;8.4;""6.6"""""";175;4400;56;8.9;282;7"
"Apple iPhone 13;4GB;128GB;8.4;""6.1"""""";174;3240;8;9.6;509;15"
"Apple iPhone 13;4GB;128GB;8.4;""6.1"""""";174;3240;8;9.6;N/A;N/A"
"Apple iPhone 13 mini;America;·;8.4;""5.4"""""";141;2438;11;8.0;N/A;N/A"
"Google Pixel 6 Pro;12GB;256GB;8.4;""6.7"""""";210;5000;9;9.3;N/A;N/A"
"Samsung Galaxy S22;8GB;128GB;8.4;""6.1"""""";167;3700;9;9.3;615;1"
"vivo X Note;8GB;256GB;8.4;""7"""""";216;5000;11;8.0;997;2"
"vivo X Note;12GB;256GB;8.4;""7"""""";216;5000;24;8.8;1067;2"
"realme GT Neo 3;8GB;256GB;8.4;""6.7"""""";188;5000;12;8.7;777;1"
"realme GT Neo 3;12GB;256GB;8.4;""6.7"""""";188;4500;43;8.5;415;4"
"Apple iPhone 12;4GB;64GB;8.4;""6.1"""""";162;2815;43;8.5;459;9"
"Apple iPhone 12 Pro Max;6GB;256GB;8.5;""6.7"""""";226;3687;43;8.5;749;1"
"Apple iPhone 12 Pro Max;6GB;512GB;8.4;""6.7"""""";226;3687;43;8.5;795;1"
"Samsung Galaxy S21 5G;8GB;128GB;8.4;""6.2"""""";169;4000;43;8.5;369;9"
"Samsung Galaxy S21+;8GB;128GB;8.4;""6.7"""""";200;4800;3;--;359;6"
"Samsung Galaxy S21+;America;·;8.4;""6.7"""""";202;4800;68;8.7;N/A;N/A"
"Samsung Galaxy S21 5G;8GB;256GB;8.4;""6.2"""""";169;4000;68;8.7;419;3"
"Samsung Galaxy S21+;8GB;256GB;8.4;""6.7"""""";200;4800;118;8.6;450;4"
"Samsung Galaxy S21 Ultra;12GB;256GB;8.4;""6.8"""""";229;5000;118;8.6;N/A;N/A"
"Oppo Find X3 Neo;12GB;256GB;8.4;""6.6"""""";184;4500;58;9.2;589;2"
"OnePlus 9 Pro;8GB;256GB;8.4;""6.7"""""";197;4500;58;9.2;407;1"
"Samsung Galaxy S20 Plus 5G;8GB;128GB;8.4;""6.7"""""";188;4500;34;9.0;466;1"
"Motorola Edge+;12GB;256GB;8.4;""6.7"""""";203;5000;34;8.8;N/A;N/A"
"Samsung Galaxy S23 Ultra;America;·;8.4;""6.8"""""";233;5000;68;8.7;N/A;N/A"
"Samsung Galaxy S23;America;·;8.4;""6.1"""""";168;3900;68;8.9;N/A;N/A"
"Samsung Galaxy S23;8GB;256GB;8.4;""6.1"""""";168;3900;9;9.1;N/A;N/A"
"Oppo Find N2 Flip;8GB;256GB;8.4;""6.8"""""";191;4300;5;8.7;573;3"
"Xiaomi 13 Lite;8GB;256GB;8.4;""6.6"""""";171;4500;47;8.7;379;3"
"realme GT3;16GB;1TB;8.4;""6.7"""""";199;4600;29;9.1;755;1"
"Doogee V Max;12GB;256GB;8.4;""6.6"""""";543;22000;29;9.1;275;7"
"Asus ROG Phone 7;16GB;512GB;8.4;""6.8"""""";239;6000;265;8.8;790;5"
"Asus ROG Phone 7;12GB;256GB;8.4;""6.8"""""";239;6000;70;8.5;769;3"
"Motorola Edge 40;8GB;256GB;8.4;""6.6"""""";167;4400;86;8.9;294;7"
"vivo iQOO Neo 8 Pro;16GB;256GB;8.4;""6.8"""""";197;5000;42;9.1;N/A;N/A"
"Oppo Reno10 Pro +;16GB;256GB;8.4;""6.7"""""";194;4700;29;9.1;627;2"
"Oppo Reno10 Pro +;16GB;512GB;8.4;""6.7"""""";194;4700;70;9.0;696;2"
"Xiaomi Civi 3;16GB;1TB;8.4;""6.6"""""";174;4500;45;8.6;523;2"
"Nothing Phone (2);8GB;128GB;8.4;""6.7"""""";201;4700;70;9.0;609;3"
"Asus Zenfone 10;16GB;512GB;8.4;""5.9"""""";172;4300;6;9.4;789;5"
"Nothing Phone (2);12GB;512GB;8.4;""6.7"""""";201;4700;49;8.3;561;12"
"Nubia Red Magic 8S Pro;16GB;512GB;8.4;""6.8"""""";228;6000;124;9.5;913;1"
"Samsung Galaxy Z Fold5;America;·;8.4;""6.2"""""";253;4400;21;9.2;N/A;N/A"
"Motorola Edge 40 Neo;12GB;256GB;8.4;""6.6"""""";170;5000;15;9.1;240;10"
"realme GT5;24GB;1TB;8.4;""6.7"""""";205;4600;17;9.6;793;1"
"Apple iPhone 15 Pro;8GB;512GB;8.4;""6.1"""""";187;3650;46;8.7;N/A;N/A"
"Apple iPhone 15 Pro Max;America;·;8.4;""6.7"""""";221;4441;46;8.7;N/A;N/A"
"Apple iPhone 15 Pro Max;8GB;512GB;8.4;""6.7"""""";221;4441;46;8.7;N/A;N/A"
"Apple iPhone 15 Pro Max;8GB;1TB;8.4;""6.7"""""";221;4441;13;9.4;N/A;N/A"
"OnePlus Open;16GB;512GB;8.4;""6.3"""""";245;4805;11;8.1;1499;3"
"Nubia Red Magic 9 Pro+;24GB;1TB;8.4;""6.8"""""";228;5500;11;8.1;1113;2"
"Oppo Reno11 Pro;12GB;256GB;8.4;""6.7"""""";190;4700;1;--;465;2"
"Oppo Reno11 Pro;12GB;512GB;8.4;""6.7"""""";190;4700;4;--;499;1"
"Motorola Edge 50 Pro;12GB;256GB;8.4;""6.7"""""";186;4500;7;9.4;448;2"
"Motorola Edge 50 Pro;12GB;512GB;8.4;""6.7"""""";186;4500;1;--;431;11"
"realme GT Neo6 SE;12GB;256GB;8.4;""6.8"""""";191;5500;20;8.6;368;2"
"Vivo V30 Pro;12GB;512GB;8.4;""6.8"""""";188;5000;5;9.3;708;1"
"HUAWEI Pura 70 Pro;12GB;512GB;8.4;""6.8"""""";220;5050;5;9.3;999;4"
"HUAWEI Pura 70 Ultra;16GB;1TB;8.4;""6.8"""""";226;5200;5;9.3;1513;2"
"Motorola Edge 50 Fusion;8GB;256GB;8.4;""6.7"""""";175;5000;1;--;N/A;N/A"
"Vivo X100s Pro;16GB;256GB;8.4;""6.8"""""";224;5400;1;--;N/A;N/A"
"Oppo Reno12;12GB;256GB;8.4;""6.7"""""";179;5000;13;8.1;383;3"
"Oppo Reno12;12GB;512GB;8.4;""6.7"""""";179;5000;5;9.0;534;2"
"Oppo Reno12;16GB;512GB;8.4;""6.7"""""";179;5000;1;--;564;2"
"Honor 200 Pro;12GB;256GB;8.4;""6.8"""""";199;5200;1;--;562;2"
"Honor 200 Pro;12GB;512GB;8.4;""6.8"""""";199;5200;5;9.3;722;1"
"Honor 200 Pro;16GB;512GB;8.4;""6.8"""""";199;5200;5;9.2;744;1"
"Honor 200 Pro;16GB;1TB;8.4;""6.8"""""";199;5200;41;8.9;860;1"
"Honor 100 Pro;12GB;256GB;8.4;""6.8"""""";195;5000;8;9.3;551;2"
"Honor 100 Pro;16GB;256GB;8.4;""6.8"""""";195;5000;19;9.6;690;1"
"Honor 100 Pro;16GB;512GB;8.4;""6.8"""""";195;5000;19;9.6;731;1"
"Honor 100 Pro;16GB;1TB;8.4;""6.8"""""";195;5000;19;9.6;826;1"
"Xiaomi Redmi K70E;12GB;256GB;8.4;""6.7"""""";198;5500;19;9.6;337;2"
"Xiaomi Redmi K70E;12GB;512GB;8.4;""6.7"""""";198;5500;41;8.9;378;1"
"Xiaomi Redmi K70E;16GB;1TB;8.4;""6.7"""""";198;5500;41;8.9;412;1"
"Vivo X100;12GB;256GB;8.4;""6.8"""""";205;5000;21;8.7;N/A;N/A"
"Vivo X100;16GB;512GB;8.4;""6.8"""""";205;5000;21;8.7;N/A;N/A"
"Xiaomi Redmi Note 13 Pro 4G;12GB;512GB;8.4;""6.7"""""";187;5000;33;9.0;219;22"
"Asus Rog Phone 8 Pro;America;·;8.4;""6.8"""""";225;5500;3;--;N/A;N/A"
"Samsung Galaxy S24 Ultra;America;·;8.4;""6.8"""""";232;5000;7;9.3;N/A;N/A"
"Samsung Galaxy S24 Ultra;12GB;1TB;8.4;""6.8"""""";232;5000;2;--;N/A;N/A"
"Samsung Galaxy S24 Ultra;America;·;8.4;""6.8"""""";232;5000;14;9.4;N/A;N/A"
"Samsung Galaxy S24 Ultra;12GB;1TB;8.4;""6.8"""""";232;5000;14;9.4;N/A;N/A"
"Unihertz Tank 3 Pro;16GB;512GB;8.4;""6.8"""""";696;23800;14;9.4;591;3"
"realme 12 Pro;12GB;256GB;8.4;""6.7"""""";190;5000;4;--;309;7"
"realme 12 Pro;12GB;512GB;8.4;""6.7"""""";190;5000;2;--;359;2"
"Nothing Phone (2a);8GB;128GB;8.4;""6.7"""""";190;5000;2;--;235;14"
"Nothing Phone (2a);12GB;256GB;8.4;""6.7"""""";190;5000;3;--;285;14"
"Apple iPhone 16 Plus;8GB;512GB;8.4;""6.7"""""";199;4674;1;--;1613;1"
"Apple iPhone 16 Plus;8GB;128GB;8.4;""6.7"""""";199;4674;74;9.4;N/A;N/A"
"Apple iPhone 16 Plus;8GB;256GB;8.4;""6.7"""""";199;4674;19;8.6;N/A;N/A"
"Ulefone Armor 26;12GB;512GB;8.4;""6.8"""""";600;15600;30;8.9;N/A;N/A"
"Motorola Edge 50;12GB;256GB;8.4;""6.7"""""";180;5000;4;--;N/A;N/A"
"Infinix Note 40 5G;12GB;512GB;8.4;""6.8"""""";185;5000;66;9.1;345;1"
"Xiaomi Mix Flip;16GB;1TB;8.4;""6.9"""""";190;4780;3;--;1193;3"
"Xiaomi Mix Fold 4;16GB;1TB;8.4;""6.6"""""";226;5100;26;8.9;1501;3"
"Google Pixel 9;12GB;256GB;8.4;""6.3"""""";198;4700;14;9.7;811;11"
"Google Pixel 9 Pro;16GB;512GB;8.4;""6.3"""""";199;4700;59;9.2;1165;6"
"Google Pixel 9 Pro XL;16GB;1TB;8.4;""6.8"""""";221;5060;59;9.2;1587;6"
"Google Pixel 9;12GB;256GB;8.4;""6.3"""""";198;4700;14;9.7;839;1"
"realme 13 Pro 5G;12GB;512GB;8.4;""6.7"""""";188;5200;59;9.2;311;6"
"Apple iPhone 16 Plus;America;·;8.4;""6.7"""""";199;4674;59;9.2;N/A;N/A"
"Samsung Galaxy Note20 Ultra;America;·;8.3;""6.9"""""";209;4500;8;8.8;589;1"
"Samsung Galaxy S20 FE;8GB;256GB;8.3;""6.5"""""";190;4500;1;--;399;4"
"Samsung Galaxy S20 FE 5G;America;·;8.3;""6.5"""""";190;4500;1;--;N/A;N/A"
"Samsung Galaxy S20;8GB;128GB;8.3;""6.2"""""";163;4000;1;--;330;4"
"Asus ROG Phone 6D;12GB;256GB;8.3;""6.8"""""";239;6000;1;--;999;2"
"Asus ROG Phone 6D;12GB;256GB;8.3;""6.8"""""";239;6000;2;--;N/A;N/A"
"Google Pixel 7;8GB;128GB;8.3;""6.3"""""";197;4355;1;--;310;12"
"Google Pixel 7;8GB;256GB;8.3;""6.3"""""";197;4355;2;--;415;9"
"Google Pixel 7;America;·;8.3;""6.3"""""";197;4355;2;--;405;1"
"Huawei Mate 50 Pro;8GB;256GB;8.3;""6.7"""""";205;4700;3;--;869;1"
"Nubia Red Magic 8 Pro+;12GB;256GB;8.3;""6.8"""""";228;5000;49;8.9;N/A;N/A"
"Nubia Red Magic 8 Pro+;16GB;512GB;8.3;""6.8"""""";228;5000;72;9.3;N/A;N/A"
"Xiaomi 12X;8GB;256GB;8.3;""6.3"""""";176;4500;265;8.8;383;1"
"Xiaomi 12X;12GB;256GB;8.3;""6.3"""""";176;4500;265;8.8;453;1"
"Samsung Galaxy S22;America;·;8.3;""6.1"""""";167;3700;1;--;N/A;N/A"
"Samsung Galaxy S22 Ultra;America;·;8.3;""6.8"""""";229;5000;40;9.1;N/A;N/A"
"realme GT 2;8GB;128GB;8.3;""6.6"""""";194;5000;68;8.7;429;2"
"POCO F4 GT;8GB;128GB;8.3;""6.7"""""";210;4700;10;9.1;279;6"
"Honor Magic4;12GB;256GB;8.3;""6.8"""""";199;4800;32;8.9;797;2"
"POCO F4 5G;6GB;128GB;8.3;""6.7"""""";195;4500;7;8.7;219;7"
"POCO F4 5G;8GB;256GB;8.3;""6.7"""""";195;4500;19;8.9;566;3"
"Oppo Reno8 Pro;8GB;256GB;8.3;""6.7"""""";183;4500;24;8.8;272;8"
"Oppo Reno8 Pro;12GB;256GB;8.3;""6.7"""""";183;4500;24;8.8;N/A;N/A"
"Samsung Galaxy Z Fold4;12GB;256GB;8.3;""6.2"""""";271;4400;43;8.5;795;10"
"OnePlus Ace Pro;12GB;256GB;8.3;""6.7"""""";203;4800;43;8.5;N/A;N/A"
"OnePlus Ace Pro;16GB;256GB;8.3;""6.7"""""";203;4800;43;8.5;N/A;N/A"
"Samsung Galaxy Z Fold4;12GB;512GB;8.3;""6.2"""""";271;4400;43;8.5;845;10"
"Apple iPhone 14;6GB;128GB;8.3;""6.1"""""";172;3279;43;8.5;842;1"
"Apple iPhone 14 Plus;6GB;256GB;8.3;""6.7"""""";203;4325;43;8.5;1098;1"
"Apple iPhone 14 Pro Max;America;·;8.3;""6.7"""""";240;4323;43;8.5;N/A;N/A"
"Apple iPhone 14 Pro Max;6GB;512GB;8.3;""6.7"""""";240;4323;43;8.5;N/A;N/A"
"Apple iPhone 14 Pro Max;6GB;1TB;8.3;""6.7"""""";240;4323;21;9.0;N/A;N/A"
"Apple iPhone 14 Pro Max;6GB;1TB;8.3;""6.7"""""";240;4323;34;9.0;N/A;N/A"
"ZTE Axon 40 Pro;12GB;256GB;8.3;""6.7"""""";199;5000;34;9.0;345;1"
"OnePlus Nord 2;8GB;128GB;8.3;""6.4"""""";189;4500;58;9.2;245;4"
"OnePlus Nord 2;12GB;256GB;8.3;""6.4"""""";189;4500;58;9.2;335;3"
"Xiaomi 11T Pro;8GB;128GB;8.3;""6.7"""""";204;5000;65;8.5;229;3"
"Xiaomi 11T Pro;8GB;256GB;8.3;""6.7"""""";204;5000;65;8.5;248;5"
"Apple iPhone 13;4GB;256GB;8.3;""6.1"""""";174;3240;265;8.8;625;11"
"Apple iPhone 13;4GB;512GB;8.3;""6.1"""""";174;3240;2;--;748;9"
"Apple iPhone 13 Pro;America;·;8.3;""6.1"""""";203;3125;5;9.6;N/A;N/A"
"Samsung Galaxy S22+;8GB;256GB;8.3;""6.6"""""";195;4500;128;8.4;N/A;N/A"
"Samsung Galaxy S22;8GB;256GB;8.3;""6.1"""""";167;3700;15;9.3;650;1"
"vivo X Note;12GB;512GB;8.3;""7"""""";216;5000;49;8.5;1137;2"
"POCO F4 GT;12GB;256GB;8.3;""6.7"""""";210;4700;49;8.5;382;8"
"vivo X80 Pro;12GB;256GB;8.3;""6.8"""""";219;4700;47;8.7;N/A;N/A"
"ZTE Axon 40 Ultra;8GB;128GB;8.3;""6.8"""""";204;5000;47;8.7;385;2"
"Apple iPhone 12;4GB;128GB;8.3;""6.1"""""";162;2815;72;9.3;449;10"
"Apple iPhone 12 Pro;6GB;128GB;8.3;""6.1"""""";187;2815;12;9.7;509;1"
"Apple iPhone 12 Pro;6GB;256GB;8.3;""6.1"""""";187;2815;5;9.1;739;1"
"Samsung Galaxy S20 FE;8GB;128GB;8.3;""6.5"""""";190;4500;42;9.2;400;1"
"Samsung Galaxy S21 5G;America;·;8.3;""6.2"""""";171;4000;42;9.2;N/A;N/A"
"Samsung Galaxy S21 Ultra;America;·;8.3;""6.8"""""";229;5000;29;9.1;N/A;N/A"
"Samsung Galaxy S21+;8GB;256GB;8.3;""6.7"""""";200;4800;53;9.3;N/A;N/A"
"Xiaomi MI 11i;8GB;256GB;8.3;""6.7"""""";196;4520;53;9.3;229;3"
"Xiaomi Mi 10;8GB;128GB;8.3;""6.7"""""";208;4780;59;9.1;216;3"
"Samsung Galaxy S20 Ultra;12GB;256GB;8.3;""6.9"""""";222;5000;59;9.1;N/A;N/A"
"Xiaomi Mi 10;8GB;256GB;8.3;""6.7"""""";208;4780;59;9.1;239;1"
"Oppo Find X2;12GB;256GB;8.3;""6.7"""""";196;4200;51;9.1;329;5"
"Samsung Galaxy S20 5G;8GB;128GB;8.3;""6.2"""""";163;4000;10;8.8;379;1"
"Samsung Galaxy S23 Ultra;America;·;8.3;""6.8"""""";233;5000;84;8.8;N/A;N/A"
"Motorola Edge 30 Fusion;8GB;256GB;8.3;""6.6"""""";175;4400;124;9.5;N/A;N/A"
"Xiaomi 13 Pro;12GB;512GB;8.3;""6.7"""""";210;4820;124;9.5;N/A;N/A"
"Honor Magic5 Pro;16GB;512GB;8.3;""6.8"""""";219;5100;124;9.5;N/A;N/A"
"Xiaomi Redmi Note 12 Pro 5G;6GB;128GB;8.3;""6.7"""""";187;5000;11;8.1;197;7"
"Xiaomi Redmi Note 12 Pro 5G;8GB;128GB;8.3;""6.7"""""";187;5000;6;9.5;193;7"
"Xiaomi Redmi Note 12 Pro 5G;8GB;256GB;8.3;""6.7"""""";187;5000;4;--;211;15"
"Huawei P60 Pro;8GB;256GB;8.3;""6.7"""""";200;4815;1;--;979;1"
"Xiaomi Redmi Note 12 Turbo;12GB;256GB;8.3;""6.7"""""";181;5000;20;8.6;220;3"
"Xiaomi Redmi Note 12 Turbo;12GB;512GB;8.3;""6.7"""""";181;5000;5;9.0;230;4"
"Meizu 20 Infinity;12GB;256GB;8.3;""6.8"""""";215;4800;5;9.0;N/A;N/A"
"vivo X Fold2;12GB;256GB;8.3;""6.5"""""";279;4800;1;--;1043;1"
"vivo iQOO Neo 8;12GB;256GB;8.3;""6.8"""""";189;5000;1;--;N/A;N/A"
"Xiaomi Civi 3;12GB;512GB;8.3;""6.6"""""";174;4500;17;9.6;477;2"
"Honor 90 Pro;12GB;256GB;8.3;""6.8"""""";192;5000;8;9.3;586;2"
"Honor 90 Pro;16GB;256GB;8.3;""6.8"""""";192;5000;8;9.3;612;2"
"Honor 90 Pro;16GB;512GB;8.3;""6.8"""""";192;5000;8;9.3;646;2"
"Honor 90;8GB;256GB;8.3;""6.7"""""";183;5000;8;9.3;N/A;N/A"
"Asus Zenfone 10;8GB;128GB;8.3;""5.9"""""";172;4300;8;9.3;798;4"
"Asus Zenfone 10;8GB;256GB;8.3;""5.9"""""";172;4300;8;9.3;709;6"
"Asus Zenfone 10;America;·;8.3;""5.9"""""";172;4300;19;9.6;709;2"
"Nubia Red Magic 8S Pro+;16GB;256GB;8.3;""6.8"""""";230;5000;19;9.6;853;1"
"Nubia Red Magic 8S Pro+;16GB;1TB;8.3;""6.8"""""";230;5000;19;9.6;1063;1"
"Oppo Reno10;8GB;256GB;8.3;""6.7"""""";185;5000;19;9.6;268;10"
"Samsung Galaxy Z Fold5;12GB;512GB;8.3;""6.2"""""";253;4400;19;9.6;989;11"
"OnePlus Nord CE3 5G;12GB;256GB;8.3;""6.7"""""";184;5000;31;9.1;263;4"
"Huawei Mate 60 Pro;12GB;512GB;8.3;""6.8"""""";225;5000;52;9.1;923;3"
"Oppo Find N3 Flip;12GB;256GB;8.3;""6.8"""""";198;4300;49;8.9;843;1"
"Oppo Find N3 Flip;12GB;512GB;8.3;""6.8"""""";198;4300;49;8.9;873;1"
"Asus Zenfone 10;16GB;256GB;8.3;""5.9"""""";172;4300;49;8.9;N/A;N/A"
"Sony Xperia 1 V;12GB;512GB;8.3;""6.5"""""";187;5000;49;8.9;1022;1"
"Samsung Galaxy S23 FE;8GB;128GB;8.3;""6.4"""""";210;4500;52;9.1;434;12"
"Apple iPhone 15 Plus;America;·;8.3;""6.7"""""";201;4383;52;9.1;N/A;N/A"
"Apple iPhone 15 Pro;America;·;8.3;""6.1"""""";187;3650;21;8.7;N/A;N/A"
"Apple iPhone 15 Pro;8GB;1TB;8.3;""6.1"""""";187;3650;43;9.2;N/A;N/A"
"Apple iPhone 15 Pro;8GB;1TB;8.3;""6.1"""""";187;3650;2;--;N/A;N/A"
"Samsung Galaxy S23 FE;8GB;256GB;8.3;""6.4"""""";210;4500;14;9.4;429;11"
"Samsung Galaxy S23 FE;America;·;8.3;""6.4"""""";210;4500;7;8.9;N/A;N/A"
"Google Pixel 8 Pro;America;·;8.3;""6.7"""""";213;5050;7;8.9;N/A;N/A"
"Motorola Edge 40 Neo;8GB;256GB;8.3;""6.6"""""";170;5000;7;8.9;N/A;N/A"
"Oppo Find N3 Flip;12GB;256GB;8.3;""6.8"""""";198;4300;30;8.9;917;1"
"Vivo X100;16GB;1TB;8.3;""6.8"""""";205;5000;9;9.4;N/A;N/A"
"Motorola Edge 50 Pro;16GB;1TB;8.3;""6.7"""""";186;4500;9;9.4;829;1"
"HUAWEI Pura 70;12GB;256GB;8.3;""6.6"""""";207;4900;9;9.4;847;2"
"vivo iQOO Z9 Turbo;12GB;256GB;8.3;""6.8"""""";195;6000;1;--;293;3"
"vivo iQOO Z9 Turbo;16GB;256GB;8.3;""6.8"""""";195;6000;26;8.9;419;2"
"vivo iQOO Z9 Turbo;16GB;512GB;8.3;""6.8"""""";195;6000;14;9.7;403;3"
"Blackview BL9000 Pro;12GB;512GB;8.3;""6.8"""""";413;8800;14;9.7;440;10"
"HUAWEI Pura 70 Ultra;16GB;512GB;8.3;""6.8"""""";226;5200;43;9.2;1229;7"
"HUAWEI Pura 70;12GB;256GB;8.3;""6.6"""""";207;4900;43;9.2;759;6"
"realme 12+ 5G;12GB;256GB;8.3;""6.7"""""";190;5000;10;8.6;249;8"
"Oppo Reno12;16GB;256GB;8.3;""6.7"""""";179;5000;10;8.6;534;2"
"Honor 100;12GB;256GB;8.3;""6.7"""""";183;5000;3;--;394;2"
"Honor 100;16GB;256GB;8.3;""6.7"""""";183;5000;3;--;515;1"
"Honor 100;16GB;512GB;8.3;""6.7"""""";183;5000;3;--;561;1"
"Oneplus 12;16GB;256GB;8.4;""6.8"""""";220;5400;1;--;N/A;N/A"
"vivo S18;8GB;256GB;8.3;""6.8"""""";186;5000;1;--;419;1"
"vivo S18;12GB;256GB;8.3;""6.8"""""";186;5000;5;9.5;469;1"
"vivo S18;12GB;512GB;8.3;""6.8"""""";186;5000;2;--;502;1"
"nubia Z60 Ultra;12GB;512GB;8.3;""6.8"""""";246;6000;3;--;N/A;N/A"
"Xiaomi Redmi Note 13 Pro 4G;8GB;256GB;8.3;""6.7"""""";187;5000;3;--;165;25"
"Blackview BL9000;12GB;512GB;8.3;""6.8"""""";413;8800;2;--;322;10"
"OnePlus 11;16GB;512GB;8.3;""6.7"""""";205;5000;1;--;N/A;N/A"
"Asus Rog Phone 8 Pro;America;·;8.3;""6.8"""""";225;5500;3;--;N/A;N/A"
"Poco M6 Pro;12GB;512GB;8.3;""6.7"""""";181;5000;1;--;178;16"
"Samsung Galaxy S24+;America;·;8.3;""6.7"""""";196;4900;2;--;N/A;N/A"
"Samsung Galaxy S24 Ultra;12GB;256GB;8.3;""6.8"""""";232;5000;2;--;N/A;N/A"
"Samsung Galaxy S24 Ultra;12GB;512GB;8.3;""6.8"""""";232;5000;2;--;N/A;N/A"
"Samsung Galaxy S24+;12GB;512GB;8.3;""6.7"""""";196;4900;2;--;N/A;N/A"
"Samsung Galaxy S24 Ultra;12GB;1TB;8.3;""6.8"""""";232;5000;3;--;N/A;N/A"
"realme 12 Pro;8GB;256GB;8.3;""6.7"""""";190;5000;1;--;257;12"
"Samsung Galaxy S24 Ultra;12GB;256GB;8.3;""6.8"""""";232;5000;17;8.2;N/A;N/A"
"Samsung Galaxy S24 Ultra;12GB;512GB;8.3;""6.8"""""";232;5000;17;8.2;N/A;N/A"
"Apple iPhone 16 Pro Max;8GB;512GB;8.3;""6.9"""""";227;4685;49;8.9;1916;1"
"realme 13+;12GB;256GB;8.3;""6.7"""""";185;5000;49;8.9;299;2"
"vivo V40 Lite 5G;12GB;512GB;8.3;""6.8"""""";188;5500;89;9.3;558;1"
"vivo V40 Lite 5G;12GB;256GB;8.3;""6.8"""""";188;5500;89;9.3;491;1"
"vivo V40 Lite 5G;8GB;256GB;8.3;""6.8"""""";188;5500;89;9.3;349;6"
"Infinix Note 40 5G;8GB;256GB;8.3;""6.8"""""";185;5000;24;8.5;N/A;N/A"
"Motorola Razr 50 Ultra;12GB;512GB;8.2;""6.9"""""";188;4000;19;8.9;941;10"
"Honor Magic Vs3;12GB;256GB;8.3;""6.4"""""";229;5000;13;8.9;1151;2"
"HMD Skyline;12GB;256GB;8.3;""6.6"""""";209;4600;128;8.4;347;1"
"realme 13 Pro 5G;8GB;256GB;8.3;""6.7"""""";188;5200;128;8.4;280;6"
"Google Pixel 9 Pro XL;America;·;8.3;""6.8"""""";221;5060;5;8.8;N/A;N/A"
"Honor Magic V3;12GB;512GB;8.3;""6.4"""""";226;5150;50;9.4;1438;8"
"Motorola Edge 50 Neo;12GB;512GB;8.3;""6.4"""""";171;4310;72;9.0;399;9"
"Samsung Galaxy Note20 Ultra;12GB;512GB;8.2;""6.9"""""";209;4500;9;9.6;799;1"
"OnePlus 8T;8GB;128GB;8.2;""6.6"""""";188;4500;8;9.6;265;3"
"Samsung Galaxy S20 FE;6GB;128GB;8.2;""6.5"""""";190;4500;8;9.6;299;6"
"Samsung Galaxy S20 FE;8GB;256GB;8.2;""6.5"""""";190;4500;10;9.1;393;5"
"Sony Xperia 5 IV;8GB;256GB;8.2;""6.1"""""";172;5000;10;9.1;N/A;N/A"
"Asus ROG Phone 6 Batman Edition;12GB;256GB;8.2;""6.8"""""";247;6000;72;9.0;743;1"
"Asus ROG Phone 6 Batman Edition;America;·;8.3;""6.8"""""";247;6000;38;9.4;N/A;N/A"
"Xiaomi 12X;8GB;128GB;8.2;""6.3"""""";176;4500;32;8.9;443;1"
"Samsung Galaxy S22;America;·;8.2;""6.1"""""";167;3700;38;9.4;N/A;N/A"
"Honor Magic4;8GB;256GB;8.2;""6.8"""""";199;4800;38;9.4;763;2"
"Honor Magic4;12GB;512GB;8.2;""6.8"""""";199;4800;12;9.4;935;2"
"Honor Magic4 Pro;8GB;256GB;8.2;""6.8"""""";215;4600;12;9.4;846;2"
"Xiaomi 12 Lite;8GB;256GB;8.2;""6.6"""""";173;4300;11;8.0;203;9"
"Asus ROG Phone 6;12GB;256GB;8.2;""6.8"""""";239;6000;10;8.6;729;4"
"Huawei Mate 50 Pro;8GB;512GB;8.2;""6.7"""""";205;4700;10;8.6;739;3"
"Apple iPhone 14;America;·;8.2;""6.1"""""";172;3279;1;--;N/A;N/A"
"Apple iPhone 14;6GB;256GB;8.2;""6.1"""""";172;3279;24;8.8;964;1"
"Apple iPhone 14 Pro Max;America;·;8.2;""6.7"""""";240;4323;12;8.7;N/A;N/A"
"Apple iPhone 14 Pro Max;6GB;128GB;8.2;""6.7"""""";240;4323;30;9.3;N/A;N/A"
"Apple iPhone 14 Pro Max;6GB;256GB;8.2;""6.7"""""";240;4323;30;9.3;N/A;N/A"
"Apple iPhone 14 Pro Max;6GB;128GB;8.2;""6.7"""""";240;4323;68;8.7;N/A;N/A"
"Apple iPhone 14 Pro Max;6GB;256GB;8.2;""6.7"""""";240;4323;25;6.2;N/A;N/A"
"Apple iPhone 14 Pro Max;6GB;512GB;8.2;""6.7"""""";240;4323;70;8.8;N/A;N/A"
"Apple iPhone 14 Pro Max;6GB;128GB;8.2;""6.7"""""";240;4323;70;8.8;N/A;N/A"
"Apple iPhone 14 Pro Max;6GB;256GB;8.2;""6.7"""""";240;4323;91;8.8;N/A;N/A"
"Apple iPhone 14 Pro Max;6GB;512GB;8.2;""6.7"""""";240;4323;91;8.8;N/A;N/A"
"Apple iPhone 13 Mini;4GB;128GB;8.2;""5.4"""""";141;2438;21;9.0;835;1"
"Apple iPhone 13 Pro;6GB;256GB;8.2;""6.1"""""";203;3125;50;9.4;2176;1"
"Apple iPhone 13 Pro;6GB;512GB;8.2;""6.1"""""";203;3125;32;8.9;N/A;N/A"
"Apple iPhone 13;America;·;8.2;""6.1"""""";174;3240;265;8.8;N/A;N/A"
"Apple iPhone 13;America;·;8.2;""6.1"""""";174;3240;65;8.5;N/A;N/A"
"Google Pixel 6;8GB;128GB;8.2;""6.4"""""";207;4600;65;8.5;264;4"
"Google Pixel 6;8GB;256GB;8.2;""6.4"""""";207;4600;16;8.4;299;1"
"Samsung Galaxy S20 FE 2021;6GB;128GB;8.2;""6.5"""""";190;4500;16;8.4;299;3"
"Sony Xperia PRO-I;12GB;512GB;8.2;""6.5"""""";211;4500;16;8.4;708;1"
"Motorola Edge X30;12GB;256GB;8.2;""6.7"""""";195;5000;15;9.3;N/A;N/A"
"Samsung Galaxy S21 FE 5G;America;·;8.2;""6.4"""""";177;4500;15;9.3;N/A;N/A"
"OnePlus Ace;12GB;256GB;8.2;""6.7"""""";186;4500;15;9.3;553;1"
"Motorola Edge 30;8GB;256GB;8.2;""6.5"""""";155;4020;1;--;175;6"
"Motorola Edge 30;8GB;128GB;8.2;""6.5"""""";155;4020;1;--;189;8"
"Apple iPhone 12;4GB;256GB;8.2;""6.1"""""";162;2815;11;9.5;629;2"
"Apple iPhone 12;America;·;8.2;""6.1"""""";162;2815;38;8.9;N/A;N/A"
"OnePlus 8T;12GB;256GB;8.2;""6.6"""""";188;4500;38;8.9;299;1"
"Huawei Mate 40 Pro;8GB;256GB;8.2;""6.8"""""";212;4400;38;8.9;599;2"
"vivo X60 Pro;12GB;256GB;8.2;""6.6"""""";177;4200;47;8.7;479;3"
"OnePlus 9;12GB;256GB;8.2;""6.6"""""";192;4500;265;8.8;316;2"
"OnePlus 9;America;·;8.2;""6.6"""""";192;4500;42;9.2;N/A;N/A"
"Xiaomi MI 11i;8GB;128GB;8.2;""6.7"""""";196;4520;265;8.8;249;2"
"Huawei P40 Pro;8GB;256GB;8.2;""6.6"""""";209;4200;3;--;384;6"
"Huawei P40 Pro;America;·;8.2;""6.6"""""";209;4200;51;9.1;N/A;N/A"
"OnePlus 8;8GB;128GB;8.2;""6.6"""""";180;4300;1;--;N/A;N/A"
"OnePlus 8;12GB;256GB;8.2;""6.6"""""";180;4300;46;8.7;345;1"
"OnePlus 8;12GB;256GB;8.2;""6.6"""""";180;4300;84;8.8;N/A;N/A"
"OnePlus 8 Pro;12GB;256GB;8.2;""6.8"""""";199;4510;58;9.4;N/A;N/A"
"Motorola Edge+;12GB;256GB;8.2;""6.7"""""";203;5000;124;9.5;N/A;N/A"
"Poco X5 Pro 5G;8GB;256GB;8.2;""6.7"""""";181;5000;124;9.5;271;10"
"Samsung Galaxy S23 Ultra;12GB;1TB;8.2;""6.8"""""";233;5000;124;9.5;N/A;N/A"
"Samsung Galaxy S23 Ultra;12GB;512GB;8.2;""6.8"""""";233;5000;66;9.1;N/A;N/A"
"Samsung Galaxy S23 Ultra;12GB;1TB;8.2;""6.8"""""";233;5000;66;9.1;N/A;N/A"
"Xiaomi Redmi Note 12 Turbo;8GB;256GB;8.2;""6.7"""""";181;5000;10;7.9;215;1"
"Asus ROG Phone 7;8GB;256GB;8.2;""6.8"""""";239;6000;17;9.6;N/A;N/A"
"Motorola Edge+ (2023);America;·;8.2;""6.7"""""";203;5100;13;9.4;N/A;N/A"
"Oppo Reno10 Pro China;16GB;256GB;8.2;""6.7"""""";186;4600;49;8.5;468;2"
"Oppo Reno10 Pro China;16GB;512GB;8.2;""6.7"""""";186;4600;1;--;566;2"
"Xiaomi Civi 3;12GB;256GB;8.2;""6.6"""""";174;4500;12;9.3;451;2"
"Honor 90;12GB;256GB;8.2;""6.7"""""";183;5000;4;--;444;2"
"Vivo S17 Pro;12GB;512GB;8.2;""6.8"""""";188;4600;26;7.8;586;1"
"Samsung Galaxy Z Fold5;12GB;256GB;8.2;""6.2"""""";253;4400;14;9.1;1075;9"
"Samsung Galaxy Z Fold5;12GB;1TB;8.2;""6.2"""""";253;4400;26;7.8;1508;3"
"OnePlus Nord CE3 5G;8GB;128GB;8.2;""6.7"""""";184;5000;8;8.7;N/A;N/A"
"Huawei Mate 60 Pro;12GB;1TB;8.2;""6.8"""""";225;5000;8;8.7;1091;2"
"Sony Xperia 5 V;8GB;128GB;8.2;""6.1"""""";183;5000;5;9.0;705;8"
"Honor Magic5 Pro;12GB;128GB;8.2;""6.8"""""";219;5100;1;--;N/A;N/A"
"Apple iPhone 15 Plus;America;·;8.2;""6.7"""""";201;4383;1;--;N/A;N/A"
"Apple iPhone 15 Plus;America;·;8.2;""6.7"""""";201;4383;13;9.2;N/A;N/A"
"Apple iPhone 15 Plus;6GB;256GB;8.2;""6.7"""""";201;4383;22;9.1;N/A;N/A"
"Apple iPhone 15 Plus;6GB;128GB;8.2;""6.7"""""";201;4383;22;9.1;N/A;N/A"
"Apple iPhone 15 Plus;6GB;512GB;8.2;""6.7"""""";201;4383;22;9.1;N/A;N/A"
"Apple iPhone 15 Pro;America;·;8.2;""6.1"""""";187;3650;22;9.1;N/A;N/A"
"Apple iPhone 15 Pro;8GB;128GB;8.2;""6.1"""""";187;3650;22;9.1;N/A;N/A"
"Apple iPhone 15 Pro;8GB;256GB;8.2;""6.1"""""";187;3650;31;9.1;N/A;N/A"
"Apple iPhone 15 Pro;8GB;512GB;8.2;""6.1"""""";187;3650;49;8.9;N/A;N/A"
"Apple iPhone 15 Pro;8GB;256GB;8.2;""6.1"""""";187;3650;4;--;N/A;N/A"
"Apple iPhone 15 Pro Max;8GB;512GB;8.2;""6.7"""""";221;4441;21;8.7;1724;1"
"Xiaomi Redmi Note 13 Pro+;12GB;256GB;8.2;""6.7"""""";204;5000;21;8.7;315;4"
"Xiaomi Redmi Note 13 Pro;8GB;256GB;8.2;""6.7"""""";187;5100;4;--;326;1"
"Xiaomi Redmi Note 13 Pro;12GB;256GB;8.1;""6.7"""""";187;5100;3;--;343;1"
"Xiaomi Redmi Note 13 Pro;12GB;512GB;8.2;""6.7"""""";187;5100;2;--;284;3"
"Xiaomi Redmi Note 13 Pro;16GB;512GB;8.2;""6.7"""""";187;5100;2;--;389;1"
"Xiaomi Redmi Note 13 Pro+;12GB;512GB;8.2;""6.7"""""";204;5000;43;9.2;325;5"
"Xiaomi Redmi Note 13 Pro+;16GB;512GB;8.2;""6.7"""""";204;5000;2;--;412;1"
"Sony Xperia 5 V;8GB;256GB;8.2;""6.1"""""";183;5000;9;9.4;818;1"
"Huawei Mate 60 Pro+;16GB;512GB;8.2;""6.8"""""";225;5000;9;9.4;1100;3"
"Google Pixel 8 Pro;12GB;512GB;8.2;""6.7"""""";213;5050;3;--;N/A;N/A"
"Google Pixel 8 Pro;12GB;1TB;8.2;""6.7"""""";213;5050;3;--;N/A;N/A"
"Oppo Find N3;12GB;512GB;8.2;""6.3"""""";245;4805;3;--;1313;3"
"Oppo Reno11;8GB;256GB;8.2;""6.7"""""";184;4800;4;--;377;2"
"Oppo Reno11;12GB;256GB;8.2;""6.7"""""";184;4800;6;9.2;395;1"
"Oppo Reno11;12GB;512GB;8.2;""6.7"""""";184;4800;11;8.4;465;1"
"Samsung Galaxy A55 5G;8GB;256GB;8.2;""6.6"""""";213;5000;3;--;427;1"
"HUAWEI Pura 70 Ultra;16GB;512GB;8.2;""6.8"""""";226;5200;3;--;1311;3"
"vivo iQOO Z9 Turbo;12GB;512GB;8.2;""6.8"""""";195;6000;25;9.6;436;2"
"Google Pixel 8a;8GB;128GB;8.2;""6.1"""""";188;4500;25;9.6;399;14"
"Google Pixel 8a;America;·;8.2;""6.1"""""";188;4500;14;9.7;N/A;N/A"
"Google Pixel 8a;8GB;256GB;8.2;""6.1"""""";188;4500;25;9.6;459;10"
"Google Pixel 8a;8GB;128GB;8.2;""6.1"""""";188;4500;24;8.8;457;1"
"Xiaomi Redmi Note 13 Pro 4G;8GB;128GB;8.2;""6.7"""""";187;5000;3;--;199;3"
"Honor 200;12GB;256GB;8.2;""6.7"""""";187;5200;10;8.6;483;2"
"Honor 200;16GB;256GB;8.2;""6.7"""""";187;5200;3;--;606;1"
"Honor 200;12GB;512GB;8.2;""6.7"""""";187;5200;8;8.6;610;1"
"vivo S19;8GB;256GB;8.2;""6.8"""""";193;6000;1;--;N/A;N/A"
"Honor Magic V Flip;12GB;256GB;8.2;""6.8"""""";193;4800;1;--;753;3"
"Honor Magic V Flip;12GB;512GB;8.2;""6.8"""""";193;4800;4;--;793;4"
"Honor Magic V Flip;12GB;1TB;8.2;""6.8"""""";193;4800;3;--;863;4"
"Blackview BL8000;12GB;512GB;8.2;""6.8"""""";385;8800;3;--;284;9"
"Poco M6 Pro;8GB;256GB;8.2;""6.7"""""";181;5000;1;--;143;18"
"Samsung Galaxy S24+;12GB;256GB;8.2;""6.7"""""";196;4900;1;--;N/A;N/A"
"Oppo Reno11 F 5G;8GB;256GB;8.2;""6.7"""""";177;5000;3;--;231;13"
"Samsung Galaxy A55 5G;8GB;128GB;8.2;""6.6"""""";213;5000;1;--;299;16"
"Samsung Galaxy A55 5G;8GB;256GB;8.2;""6.6"""""";213;5000;1;--;308;18"
"Asus Zenfone 11 Ultra;America;·;8.2;""6.8"""""";225;5500;1;--;N/A;N/A"
"realme 12 Pro+;8GB;256GB;8.2;""6.7"""""";196;5000;1;--;212;2"
"realme 12 Pro+;12GB;512GB;8.2;""6.7"""""";196;5000;2;--;386;3"
"realme Narzo 70 Pro 5G;8GB;128GB;8.2;""6.7"""""";195;5000;4;--;N/A;N/A"
"realme Narzo 70 Pro 5G;8GB;256GB;8.2;""6.7"""""";195;5000;1;--;N/A;N/A"
"OnePlus Ace 3V;12GB;256GB;8.2;""6.7"""""";200;5500;1;--;361;2"
"OnePlus Ace 3V;12GB;512GB;8.2;""6.7"""""";200;5500;17;8.2;453;1"
"OnePlus Ace 3V;16GB;512GB;8.2;""6.7"""""";200;5500;120;9.2;499;1"
"Apple iPhone 16 Pro;8GB;512GB;8.2;""6.3"""""";199;3582;23;9.3;1784;1"
"Apple iPhone 16;8GB;512GB;8.2;""6.1"""""";170;3561;19;9.2;N/A;N/A"
"Xiaomi Redmi Note 14 Pro;8GB;128GB;8.2;""6.7"""""";190;5500;89;9.3;287;2"
"Xiaomi Redmi Note 14 Pro;8GB;256GB;8.2;""6.7"""""";190;5500;89;9.3;301;2"
"Xiaomi Redmi Note 14 Pro;12GB;256GB;8.2;""6.7"""""";190;5500;27;8.7;338;2"
"Xiaomi Redmi Note 14 Pro;12GB;512GB;8.2;""6.7"""""";190;5500;89;9.3;367;2"
"Unihertz Tank 3 Pro;18GB;512GB;8.2;""6.8"""""";696;23800;52;8.1;917;1"
"Infinix Zero Flip 5G;12GB;512GB;8.2;""6.9"""""";195;4720;157;9.1;974;1"
"Unihertz 8849 Shark 5G;12GB;256GB;8.2;""6.8"""""";605;15600;157;9.1;419;2"
"Infinix Note 40 Pro 5G;8GB;256GB;8.2;""6.8"""""";190;5000;14;9.4;399;1"
"Samsung Galaxy Z Flip6;12GB;256GB;8.2;""6.8"""""";187;4000;128;9.5;702;13"
"Samsung Galaxy Z Flip6;12GB;512GB;8.2;""6.8"""""";187;4000;1;--;765;10"
"Honor Magic V3;12GB;256GB;8.2;""6.4"""""";226;5150;77;9.1;1363;2"
"Honor Magic Vs3;12GB;512GB;8.2;""6.4"""""";229;5000;77;9.1;1232;1"
"Honor Magic Vs3;16GB;1TB;8.2;""6.4"""""";229;5000;77;9.1;1376;2"
"Honor Magic Vs3;16GB;512GB;8.2;""6.4"""""";229;5000;46;8.7;1299;1"
"HMD Skyline;8GB;256GB;8.2;""6.6"""""";209;4600;46;8.7;710;1"
"nubia Z60S Pro;16GB;1TB;8.2;""6.8"""""";220;5100;1;--;N/A;N/A"
"Doogee V40 Pro;16GB;512GB;8.2;""6.8"""""";375;8680;1;--;364;5"
"OnePlus Open;16GB;1TB;8.2;""6.3"""""";245;4805;2;--;1599;1"
"Google Pixel 9 Pro;America;·;8.2;""6.3"""""";199;4700;2;--;N/A;N/A"
"Google Pixel 9 Pro XL;America;·;8.2;""6.8"""""";221;5060;4;--;N/A;N/A"
"Google Pixel 9 Pro XL;America;·;8.2;""6.8"""""";221;5060;8;9.8;N/A;N/A"
"Google Pixel 9 Pro XL;16GB;256GB;8.2;""6.8"""""";221;5060;34;9.0;N/A;N/A"
"Google Pixel 9 Pro XL;16GB;512GB;8.2;""6.8"""""";221;5060;50;9.4;N/A;N/A"
"Motorola Edge 50 Neo;8GB;256GB;8.2;""6.4"""""";171;4310;17;8.2;428;3"
"Motorola Moto S50;12GB;256GB;8.2;""6.4"""""";171;4310;72;9.0;N/A;N/A"
"Apple iPhone 16;America;·;8.2;""6.1"""""";170;3561;23;8.9;N/A;N/A"
"Samsung Galaxy Note20;8GB;256GB;8.1;""6.7"""""";194;4300;15;9.7;549;2"
"Samsung Galaxy Note20;8GB;128GB;8.1;""6.7"""""";194;4300;15;9.7;449;1"
"Samsung Galaxy Note20 Ultra;America;·;8.1;""6.9"""""";209;4500;22;9.0;N/A;N/A"
"Samsung Galaxy Note20 Ultra;12GB;128GB;8.1;""6.9"""""";208;4500;22;9.0;589;1"
"Samsung Galaxy Note10+;America;·;8.1;""6.8"""""";196;4300;10;9.1;N/A;N/A"
"Samsung Galaxy Note10+;America;·;8.1;""6.8"""""";196;4300;12;9.4;499;1"
"Samsung Galaxy Note10+ 5G;12GB;256GB;8.1;""6.8"""""";198;4300;3;--;449;1"
"Xiaomi Redmi Note 12 Pro+;12GB;256GB;8.1;""6.7"""""";208;5000;11;8.0;250;1"
"Huawei Mate 50 Pro;8GB;512GB;8.1;""6.7"""""";205;4700;11;8.0;N/A;N/A"
"realme 10 Pro+ 5G;8GB;128GB;8.1;""6.7"""""";173;5000;1;--;N/A;N/A"
"Vivo S16 Pro;8GB;256GB;8.1;""6.8"""""";182;4600;12;8.7;474;1"
"Vivo S16 Pro;12GB;256GB;8.1;""6.8"""""";182;4600;12;8.7;521;1"
"Vivo S16 Pro;12GB;512GB;8.1;""6.8"""""";182;4600;12;8.7;550;1"
"Samsung Galaxy S21 FE 5G;6GB;128GB;8.1;""6.4"""""";177;4500;12;8.7;N/A;N/A"
"Samsung Galaxy S21 FE 5G;8GB;256GB;8.1;""6.4"""""";177;4500;12;8.7;N/A;N/A"
"Huawei P50 Pro;8GB;256GB;8.1;""6.6"""""";195;4360;30;9.3;379;5"
"Apple iPhone 13 Pro Max;America;·;8.1;""6.7"""""";238;4373;30;9.3;N/A;N/A"
"Samsung Galaxy S22 Ultra;12GB;1TB;8.1;""6.8"""""";227;5000;30;9.3;N/A;N/A"
"Xiaomi Redmi K50 Gaming Edition;12GB;256GB;8.1;""6.7"""""";210;4700;50;9.4;N/A;N/A"
"Nubia RedMagic 7;16GB;256GB;8.1;""6.8"""""";215;4500;30;9.3;559;2"
"Nubia RedMagic 7;18GB;256GB;8.1;""6.8"""""";215;4500;30;9.3;N/A;N/A"
"Honor Magic4 Pro;12GB;256GB;8.1;""6.8"""""";215;4600;30;9.3;999;2"
"Honor Magic4 Pro;12GB;512GB;8.1;""6.8"""""";215;4600;30;9.3;1109;2"
"Samsung Galaxy S22 Ultra;America;·;8.1;""6.8"""""";229;5000;30;9.3;N/A;N/A"
"Nothing Phone (1);8GB;128GB;8.1;""6.6"""""";194;4500;30;9.3;217;3"
"Xiaomi 12 Lite;8GB;128GB;8.1;""6.6"""""";173;4300;30;9.3;175;10"
"Nothing Phone (1);8GB;256GB;8.1;""6.6"""""";194;4500;19;9.2;251;6"
"Nothing Phone (1);12GB;256GB;8.1;""6.6"""""";194;4500;15;8.6;280;3"
"Asus Zenfone 9;8GB;128GB;8.1;""5.9"""""";165;4300;29;8.5;1180;1"
"Asus Zenfone 9;16GB;256GB;8.1;""5.9"""""";165;4300;25;6.2;N/A;N/A"
"Samsung Galaxy Z Fold4;12GB;1TB;8.1;""6.2"""""";271;4400;91;8.8;960;3"
"Honor 70;8GB;128GB;8.1;""6.7"""""";178;4800;50;9.4;253;4"
"Honor 70;8GB;256GB;8.1;""6.7"""""";178;4800;50;9.4;238;9"
"Sony Xperia 5 IV;8GB;128GB;8.1;""6.1"""""";172;5000;50;9.4;605;3"
"Apple iPhone 14;6GB;512GB;8.1;""6.1"""""";172;3279;50;9.4;1220;1"
"Apple iPhone 14 Plus;6GB;512GB;8.1;""6.7"""""";203;4325;50;9.4;1354;1"
"Apple iPhone 14 Pro;America;·;8.1;""6.1"""""";206;3200;50;9.4;N/A;N/A"
"Apple iPhone 14 Pro;6GB;1TB;8.1;""6.1"""""";206;3200;50;9.4;N/A;N/A"
"OnePlus Nord 2;12GB;256GB;8.0;""6.4"""""";189;4500;50;9.4;N/A;N/A"
"Samsung Galaxy Z Fold3;12GB;512GB;8.1;""6.2"""""";271;4400;50;9.4;929;5"
"Xiaomi 11T;8GB;128GB;8.1;""6.7"""""";203;5000;29;8.5;229;3"
"Xiaomi 11T;8GB;256GB;8.1;""6.7"""""";203;5000;50;9.4;398;4"
"Xiaomi 11 Lite 5G NE;8GB;128GB;8.1;""6.6"""""";158;4250;12;9.6;351;2"
"Xiaomi 11 Lite 5G NE;8GB;256GB;8.1;""6.6"""""";158;4250;12;9.6;299;2"
"Apple iPhone 13 Mini;4GB;512GB;8.1;""5.4"""""";141;2438;50;9.4;N/A;N/A"
"Apple iPhone 13 Pro Max;6GB;1TB;8.1;""6.7"""""";238;4373;265;8.8;N/A;N/A"
"Xiaomi 12 Lite;6GB;128GB;8.1;""6.6"""""";173;4300;71;9.1;169;9"
"Samsung Galaxy S20 FE;6GB;128GB;8.1;""6.5"""""";190;4500;21;9.0;N/A;N/A"
"Google Pixel 6;8GB;128GB;8.1;""6.4"""""";207;4600;50;9.4;N/A;N/A"
"Google Pixel 6;8GB;256GB;8.1;""6.4"""""";207;4600;72;9.0;N/A;N/A"
"Honor 50;6GB;128GB;8.1;""6.6"""""";175;4300;9;9.1;193;3"
"Honor 50;8GB;256GB;8.1;""6.6"""""";175;4300;9;9.1;207;1"
"Honor 50;8GB;128GB;8.1;""6.6"""""";175;4300;13;9.1;212;1"
"Xiaomi Redmi K40S;12GB;256GB;8.1;""6.7"""""";195;4500;13;9.1;416;1"
"OnePlus Ace;8GB;128GB;8.1;""6.7"""""";186;4500;14;9.3;444;1"
"OnePlus Ace;8GB;256GB;8.1;""6.7"""""";186;4500;5;8.7;477;1"
"OnePlus Ace;12GB;512GB;8.1;""6.7"""""";186;4500;120;9.2;646;1"
"Honor 70 Pro+;8GB;256GB;8.1;""6.8"""""";192;4500;42;9.2;756;2"
"Honor 70 Pro+;12GB;256GB;8.1;""6.8"""""";192;4500;44;9.6;813;2"
"Oppo Reno4 Pro 5G;12GB;256GB;8.1;""6.5"""""";172;4020;54;8.8;269;6"
"Apple iPhone 12 mini;4GB;64GB;8.1;""5.4"""""";135;2227;5;9.8;525;2"
"Apple iPhone 12 mini;4GB;128GB;8.1;""5.4"""""";135;2227;9;9.0;N/A;N/A"
"Apple iPhone 12 mini;America;·;8.1;""5.4"""""";135;2227;46;9.5;N/A;N/A"
"Apple iPhone 12;America;·;8.1;""6.1"""""";162;2880;46;9.5;N/A;N/A"
"Samsung Galaxy S20 FE;6GB;256GB;8.1;""6.5"""""";190;4500;46;9.5;N/A;N/A"
"OnePlus 9;8GB;128GB;8.1;""6.6"""""";192;4500;66;9.1;276;5"
"Samsung Galaxy S20 FE;8GB;128GB;8.1;""6.5"""""";190;4500;5;9.3;401;2"
"ZTE Axon 30 Ultra;12GB;256GB;8.1;""6.7"""""";188;4600;5;9.3;N/A;N/A"
"OnePlus 8 Pro;12GB;256GB;8.1;""6.8"""""";199;4510;5;9.3;N/A;N/A"
"Vivo X90;12GB;256GB;8.1;""6.8"""""";200;4810;3;--;N/A;N/A"
"Xiaomi Redmi Note 12 Pro 5G;6GB;128GB;8.1;""6.7"""""";187;5000;1;--;N/A;N/A"
"Poco X5 Pro 5G;6GB;128GB;8.1;""6.7"""""";181;5000;1;--;258;9"
"Samsung Galaxy S23;8GB;512GB;8.1;""6.1"""""";168;3900;1;--;N/A;N/A"
"Samsung Galaxy S23 Ultra;8GB;256GB;8.1;""6.8"""""";233;5000;3;--;N/A;N/A"
"Samsung Galaxy S23 Ultra;12GB;512GB;8.1;""6.8"""""";233;5000;5;7.7;N/A;N/A"
"Samsung Galaxy S23 Ultra;12GB;512GB;8.1;""6.8"""""";233;5000;1;--;N/A;N/A"
"OnePlus 11;America;·;8.1;""6.7"""""";205;5000;;;N/A;N/A"
"OnePlus 11;8GB;256GB;8.1;""6.7"""""";205;5000;;;N/A;N/A"
"Doogee V Max;8GB;256GB;8.1;""6.6"""""";543;22000;;;579;1"
"Honor Magic5 Pro;8GB;256GB;8.1;""6.8"""""";219;5100;;;N/A;N/A"
"Honor Magic5;16GB;512GB;8.1;""6.7"""""";187;5100;;;781;2"
"Huawei P60 Pro;12GB;512GB;8.1;""6.7"""""";200;4815;;;1017;2"
"Motorola Edge 30;6GB;256GB;8.1;""6.5"""""";155;4020;;;217;1"
"Meizu 20 Infinity;16GB;1TB;8.1;""6.8"""""";215;4800;;;N/A;N/A"
"Motorola Edge 40 Pro;12GB;512GB;8.1;""6.7"""""";199;4600;;;N/A;N/A"
"vivo X Fold2;12GB;512GB;8.1;""6.5"""""";279;4800;;;1243;1"
"Google Pixel 7a;8GB;128GB;8.1;""6.1"""""";193;4385;;;329;14"
"realme 11 Pro+;12GB;1TB;8.1;""6.7"""""";183;5000;;;430;1"
"Google Pixel 7a;America;·;8.1;""6.1"""""";193;4385;;;N/A;N/A"
"realme 11 Pro;8GB;128GB;8.1;""6.7"""""";185;5000;;;299;3"
"realme 11 Pro;8GB;256GB;8.1;""6.7"""""";185;5000;;;300;6"
"Vivo S17 Pro;8GB;256GB;8.1;""6.8"""""";188;4600;;;524;1"
"Vivo S17 Pro;12GB;256GB;8.1;""6.8"""""";188;4600;;;543;1"
"Samsung Galaxy Z Fold5;America;·;8.1;""6.2"""""";253;4400;;;N/A;N/A"
"Oppo K11;8GB;256GB;8.1;""6.7"""""";184;5000;;;N/A;N/A"
"Xiaomi Mix Fold 3;12GB;256GB;8.1;""6.6"""""";255;4500;;;1043;2"
"Xiaomi 13 Ultra;12GB;512GB;8.1;""6.7"""""";227;5000;;;N/A;N/A"
"Vivo iQOO Z7 Pro;8GB;256GB;8.1;""6.8"""""";175;4600;;;N/A;N/A"
"Apple iPhone 15;America;·;8.1;""6.1"""""";171;3877;;;N/A;N/A"
"Apple iPhone 15;6GB;512GB;8.1;""6.1"""""";171;3877;;;N/A;N/A"
"Apple iPhone 15;6GB;256GB;8.1;""6.1"""""";171;3877;;;N/A;N/A"
"Apple iPhone 15 Pro Max;8GB;1TB;8.0;""6.7"""""";221;4441;;;1905;1"
"Xiaomi Redmi Note 13 Pro;8GB;128GB;8.1;""6.7"""""";187;5100;;;314;1"
"iiiF150 B2 Ultra;12GB;256GB;8.1;""6.8"""""";465;15000;;;215;8"
"Huawei Mate 60 Pro+;16GB;1TB;8.1;""6.8"""""";225;5000;;;1315;2"
"Google Pixel 8 Pro;12GB;128GB;8.1;""6.7"""""";213;5050;;;N/A;N/A"
"Google Pixel 8 Pro;12GB;256GB;8.1;""6.7"""""";213;5050;;;N/A;N/A"
"Fossibot F102;12GB;256GB;8.1;""6.6"""""";495;16500;;;219;4"
"Oppo Find N3;16GB;1TB;8.1;""6.3"""""";245;4805;;;1593;3"
"Unihertz Tank 3;16GB;512GB;8.1;""6.8"""""";666;23800;;;445;4"
"OnePlus Nord CE4;8GB;256GB;8.1;""6.7"""""";186;5500;;;N/A;N/A"
"HUAWEI Pura 70 Pro;12GB;256GB;8.2;""6.8"""""";220;5050;;;927;2"
"HUAWEI Pura 70 Pro;12GB;1TB;8.1;""6.8"""""";220;5050;;;1213;2"
"HUAWEI Pura 70 Pro+;16GB;512GB;8.1;""6.8"""""";220;5050;;;1088;3"
"Samsung Galaxy A55 5G;12GB;256GB;8.1;""6.6"""""";213;5000;;;459;1"
"HUAWEI Pura 70 Pro;12GB;512GB;8.1;""6.8"""""";220;5050;;;934;4"
"vivo Y200 GT;12GB;256GB;8.1;""6.8"""""";195;6000;;;328;2"
"vivo Y200 GT;12GB;512GB;8.1;""6.8"""""";195;6000;;;369;2"
"Honor 200;8GB;256GB;8.1;""6.7"""""";187;5200;;;418;2"
"Honor 200;16GB;512GB;8.1;""6.7"""""";187;5200;;;633;1"
"realme GT5 Pro;16GB;256GB;8.1;""6.8"""""";218;5400;;;N/A;N/A"
"realme GT5 Pro;16GB;512GB;8.1;""6.8"""""";218;5400;;;N/A;N/A"
"realme GT5 Pro;16GB;1TB;8.1;""6.8"""""";218;5400;;;N/A;N/A"
"Blackview BV9300 Pro;12GB;256GB;8.1;""6.7"""""";520;15080;;;204;8"
"Vivo iQOO 12;12GB;256GB;8.1;""6.8"""""";204;5000;;;N/A;N/A"
"Xiaomi Redmi Note 13 5G;8GB;256GB;8.1;""6.7"""""";174;5000;;;172;21"
"Oppo Find N3;16GB;512GB;8.2;""6.3"""""";245;4805;;;1443;1"
"Asus Rog Phone 8 Pro;24GB;1TB;8.1;""6.8"""""";225;5500;;;1798;1"
"Asus Rog Phone 8 Pro;24GB;1TB;8.1;""6.8"""""";225;5500;;;N/A;N/A"
"Samsung Galaxy S24;8GB;128GB;8.1;""6.2"""""";167;4000;;;N/A;N/A"
"Samsung Galaxy S24;8GB;256GB;8.1;""6.2"""""";167;4000;;;N/A;N/A"
"Samsung Galaxy S24+;12GB;512GB;8.1;""6.7"""""";196;4900;;;N/A;N/A"
"Samsung Galaxy S24;8GB;512GB;8.1;""6.2"""""";167;4000;;;N/A;N/A"
"Xiaomi 14;12GB;512GB;8.1;""6.4"""""";193;4610;;;N/A;N/A"
"realme 12+ 5G;8GB;256GB;8.1;""6.7"""""";190;5000;;;218;8"
"OnePlus Nord CE4;8GB;128GB;8.1;""6.7"""""";186;5500;;;N/A;N/A"
"realme 12 Pro+;12GB;256GB;8.1;""6.7"""""";196;5000;;;353;2"
"realme 12+ 5G;12GB;512GB;8.1;""6.7"""""";190;5000;;;252;12"
"Infinix Note 40 Pro;8GB;256GB;8.0;""6.8"""""";190;5000;;;164;2"
"Apple iPhone 16;8GB;128GB;8.1;""6.1"""""";170;3561;;;N/A;N/A"
"Apple iPhone 16;8GB;256GB;8.1;""6.1"""""";170;3561;;;N/A;N/A"
"Motorola Moto G75;8GB;256GB;8.1;""6.8"""""";205;5000;;;N/A;N/A"
"realme 13 Pro Extreme Edition;12GB;256GB;8.1;""6.7"""""";188;5200;;;386;2"
"realme 13 Pro Extreme Edition;12GB;512GB;8.1;""6.7"""""";188;5200;;;434;2"
"Oppo K12 Plus;8GB;256GB;8.1;""6.7"""""";186;6400;;;N/A;N/A"
"Samsung Galaxy Z Fold6 SE;16GB;512GB;8.1;""6.5"""""";239;4400;;;N/A;N/A"
"Ulefone Armor 27;12GB;256GB;8.1;""6.8"""""";441;10600;;;282;3"
"Motorola Razr 50 Ultra;12GB;256GB;8.1;""6.9"""""";188;4000;;;803;3"
"Motorola Razr 50 Ultra;12GB;512GB;8.1;""6.9"""""";188;4000;;;853;4"
"Motorola G85;12GB;256GB;8.1;""6.7"""""";171;5000;;;212;12"
"Samsung Galaxy Z Flip6;12GB;256GB;8.1;""6.8"""""";187;4000;;;N/A;N/A"
"Samsung Galaxy Z Flip6;12GB;512GB;8.1;""6.8"""""";187;4000;;;N/A;N/A"
"nubia Z60S Pro;12GB;256GB;8.1;""6.8"""""";220;5100;;;N/A;N/A"
"nubia Z60S Pro;16GB;512GB;8.2;""6.8"""""";220;5100;;;N/A;N/A"
"vivo V40 Pro;12GB;512GB;8.1;""6.8"""""";192;5500;;;N/A;N/A"
"Ulefone Armor 27T Pro 5G;12GB;256GB;8.1;""6.8"""""";441;10600;;;359;6"
"Ulefone Armor 27 Pro 5G;12GB;256GB;8.1;""6.8"""""";441;10600;;;275;6"
"Samsung Galaxy Z Flip6;12GB;256GB;8.1;""6.8"""""";187;4000;;;769;1"
"Google Pixel 9 Pro;16GB;1TB;8.1;""6.3"""""";199;4700;;;N/A;N/A"
"Google Pixel 9 Pro;America;·;8.1;""6.3"""""";199;4700;;;N/A;N/A"
"Google Pixel 9 Pro;16GB;128GB;8.1;""6.3"""""";199;4700;;;1427;1"
"Google Pixel 9 Pro;16GB;512GB;8.1;""6.3"""""";199;4700;;;N/A;N/A"
"Google Pixel 9 Pro XL;16GB;128GB;8.1;""6.8"""""";221;5060;;;N/A;N/A"
"Motorola G85;8GB;256GB;8.1;""6.7"""""";171;5000;;;233;4"
"Apple iPhone 16;America;·;8.1;""6.1"""""";170;3561;;;N/A;N/A"
"Apple iPhone 16;8GB;512GB;8.1;""6.1"""""";170;3561;;;N/A;N/A"
"Samsung Galaxy Note20;8GB;256GB;8.0;""6.7"""""";192;4300;;;524;1"
"Xiaomi Mi 10T Pro;8GB;128GB;8.0;""6.7"""""";218;5000;;;202;7"
"Google Pixel 5;8GB;128GB;8.0;""6"""""";151;4080;;;N/A;N/A"
"Huawei Mate 30 Pro;8GB;256GB;8.0;""6.5"""""";198;4500;;;359;5"
"Samsung Galaxy Note10+;12GB;256GB;8.0;""6.8"""""";196;4300;;;440;4"
"Samsung Galaxy Note10+;12GB;512GB;8.0;""6.8"""""";196;4300;;;499;2"
"Samsung Galaxy Note10;America;·;8.0;""6.3"""""";168;3500;;;N/A;N/A"
"Samsung Galaxy Note10+ 5G;12GB;512GB;8.0;""6.8"""""";198;4300;;;499;1"
"Apple iPhone 11 Pro Max;4GB;256GB;8.0;""6.5"""""";226;3969;;;494;2"
"Samsung Galaxy S10 Plus;America;·;8.0;""6.4"""""";175;4100;;;319;1"
"Samsung Galaxy S10 Plus;12GB;1TB;8.0;""6.4"""""";175;4100;;;350;1"
"Samsung Galaxy S10 5G;America;·;8.0;""6.7"""""";198;4500;;;N/A;N/A"
"OnePlus 7 Pro;12GB;256GB;8.0;""6.7"""""";206;4000;;;N/A;N/A"
"vivo X Fold+;12GB;256GB;8.0;""6.5"""""";311;4730;;;1063;1"
"vivo X Fold+;12GB;512GB;8.0;""6.5"""""";311;4730;;;1113;1"
"Xiaomi Civi 2;8GB;256GB;8.0;""6.6"""""";172;4500;;;373;2"
"Google Pixel 7 Pro;12GB;512GB;8.0;""6.7"""""";212;5000;;;N/A;N/A"
"Google Pixel 7 Pro;12GB;256GB;8.0;""6.7"""""";212;5000;;;N/A;N/A"
"Xiaomi Redmi Note 12 Pro;8GB;256GB;8.0;""6.7"""""";187;5000;;;230;1"
"Xiaomi Redmi Note 12 Pro;12GB;256GB;8.0;""6.7"""""";187;5000;;;220;2"
"Motorola Razr 2022;8GB;256GB;8.0;""6.7"""""";200;3500;;;549;3"
"Oppo Reno9 Pro;16GB;256GB;8.0;""6.7"""""";174;4500;;;511;2"
"Oppo Reno9 Pro;16GB;512GB;8.0;""6.7"""""";174;4500;;;561;2"
"vivo iQOO 11 Pro;12GB;256GB;8.0;""6.8"""""";213;4700;;;N/A;N/A"
"vivo iQOO 11 Pro;16GB;512GB;8.0;""6.8"""""";213;4700;;;N/A;N/A"
"vivo iQOO 11;12GB;256GB;8.0;""6.8"""""";208;5000;;;N/A;N/A"
"Doogee V30;8GB;256GB;8.0;""6.6"""""";375;10800;;;289;4"
"Motorola X40;12GB;512GB;8.0;""6.7"""""";199;4600;;;N/A;N/A"
"Xiaomi Redmi Note 12 Pro Speed Edition;8GB;256GB;8.0;""6.7"""""";181;5000;;;N/A;N/A"
"Xiaomi Redmi Note 12 Pro Speed Edition;12GB;256GB;8.0;""6.7"""""";181;5000;;;N/A;N/A"
"Apple iPhone 13 Pro;America;·;8.0;""6.1"""""";203;3125;;;N/A;N/A"
"Apple iPhone 13 Pro Max;America;·;8.0;""6.7"""""";238;4373;;;N/A;N/A"
"Samsung Galaxy Note20;America;·;8.1;""6.7"""""";194;4300;;;N/A;N/A"
"Samsung Galaxy S22 Ultra;America;·;8.0;""6.8"""""";229;5000;;;N/A;N/A"
"realme 9 Pro+;8GB;256GB;8.0;""6.4"""""";182;4500;;;319;1"
"vivo iQOO 9 Pro;8GB;256GB;8.0;""6.8"""""";204;4700;;;N/A;N/A"
"vivo iQOO 9 Pro;12GB;256GB;8.0;""6.8"""""";204;4700;;;N/A;N/A"
"Oppo Find X5 Pro;12GB;256GB;8.0;""6.7"""""";218;5000;;;N/A;N/A"
"Oppo Find X5 Pro;12GB;512GB;8.0;""6.7"""""";218;5000;;;N/A;N/A"
"Honor Magic4 Pro;8GB;256GB;8.0;""6.8"""""";215;4600;;;N/A;N/A"
"Asus Zenfone 9;8GB;256GB;8.0;""5.9"""""";165;4300;;;947;2"
"Motorola X30 Pro;12GB;512GB;8.0;""6.7"""""";195;4610;;;N/A;N/A"
"Samsung Galaxy Z Fold4;12GB;256GB;8.0;""6.2"""""";271;4400;;;N/A;N/A"
"Samsung Galaxy Z Fold4;12GB;512GB;8.0;""6.2"""""";271;4400;;;N/A;N/A"
"Sony Xperia 5 IV;8GB;128GB;8.0;""6.1"""""";172;5000;;;N/A;N/A"
"Apple iPhone 14 Plus;America;·;8.0;""6.7"""""";203;4325;;;N/A;N/A"
"Apple iPhone 14 Plus;6GB;512GB;8.0;""6.7"""""";203;4325;;;N/A;N/A"
"Apple iPhone 14 Pro;America;·;8.0;""6.1"""""";206;3200;;;N/A;N/A"
"Apple iPhone 13 Pro Max;8GB;256GB;8.0;""6.7"""""";238;4373;;;N/A;N/A"
"Apple iPhone 14 Pro;6GB;128GB;8.0;""6.1"""""";206;3200;;;N/A;N/A"
"Apple iPhone 14 Pro;6GB;256GB;8.0;""6.1"""""";206;3200;;;N/A;N/A"
"Apple iPhone 14 Pro;6GB;512GB;8.0;""6.1"""""";206;3200;;;N/A;N/A"
"Apple iPhone 14 Pro;6GB;1TB;8.0;""6.1"""""";206;3200;;;N/A;N/A"
"Motorola Edge 30 Ultra;8GB;128GB;8.0;""6.7"""""";195;4610;;;N/A;N/A"
"Motorola Moto Edge 20 Pro;12GB;256GB;8.0;""6.7"""""";185;4500;;;325;6"
"Motorola Moto Edge 20;8GB;128GB;8.0;""6.7"""""";163;4020;;;254;7"
"Samsung Galaxy Z Fold3;12GB;256GB;8.0;""6.2"""""";271;4400;;;648;6"
"Xiaomi 11 Lite 5G NE;6GB;128GB;8.0;""6.6"""""";158;4250;;;264;4"
"Apple iPhone 13 Pro Max;America;·;8.3;""6.7"""""";238;4373;;;N/A;N/A"
"Apple iPhone 13 Pro Max;6GB;128GB;8.0;""6.7"""""";238;4373;;;N/A;N/A"
"Apple iPhone 13 Pro Max;6GB;256GB;8.0;""6.7"""""";238;4373;;;1500;1"
"Apple iPhone 13 Pro Max;6GB;512GB;8.0;""6.7"""""";238;4373;;;N/A;N/A"
"Apple iPhone 13 Pro Max;6GB;1TB;8.0;""6.7"""""";238;4373;;;1704;1"
"Apple iPhone 13 Pro Max;6GB;512GB;8.0;""6.7"""""";228;4373;;;N/A;N/A"
"Apple iPhone 13 Pro Max;6GB;256GB;8.0;""6.7"""""";238;4373;;;N/A;N/A"
"Motorola Moto Edge 20;8GB;256GB;8.0;""6.7"""""";163;4020;;;259;1"
"OnePlus 9RT;8GB;128GB;8.0;""6.6"""""";198;4500;;;247;1"
"OnePlus 9RT;12GB;256GB;8.0;""6.6"""""";198;4500;;;405;1"
"Samsung Galaxy S20 FE;8GB;256GB;8.0;""6.5"""""";190;4500;;;N/A;N/A"
"realme GT Neo 2;12GB;256GB;8.0;""6.6"""""";200;5000;;;299;1"
"Apple iPhone 13 mini;America;·;8.0;""5.4"""""";141;2438;;;N/A;N/A"
"Honor Magic4 Pro Ultimate;12GB;512GB;8.0;""6.8"""""";215;4600;;;1276;2"
"Samsung Galaxy S22 Ultra;8GB;128GB;8.0;""6.8"""""";229;5000;;;N/A;N/A"
"vivo X80 Pro;12GB;512GB;8.0;""6.8"""""";219;4700;;;N/A;N/A"
"Oneplus Nord 2T;8GB;128GB;8.0;""6.4"""""";190;4500;;;259;7"
"Oneplus Nord 2T;12GB;256GB;8.0;""6.4"""""";190;4500;;;509;3"
"realme GT Neo 3T;8GB;256GB;8.1;""6.6"""""";195;5000;;;N/A;N/A"
"ZTE Axon 40 Ultra;12GB;256GB;8.0;""6.8"""""";204;5000;;;949;1"
"Xiaomi Mi 10T Pro;8GB;256GB;8.0;""6.7"""""";218;5000;;;268;5"
"OnePlus 9;12GB;256GB;8.0;""6.6"""""";183;4500;;;299;2"
"Xiaomi Mi 11 Ultra;12GB;256GB;8.0;""6.8"""""";234;5000;;;N/A;N/A"
"realme GT 5G;8GB;128GB;8.0;""6.4"""""";186;4500;;;379;4"
"Huawei P40 Pro+;8GB;512GB;8.0;""6.6"""""";226;4200;;;869;2"
"Oppo Find X2 Neo;12GB;256GB;8.0;""6.5"""""";171;4025;;;299;4"
"Samsung Galaxy S23+;America;·;8.0;""6.6"""""";196;4700;;;N/A;N/A"
"Samsung Galaxy S23+;8GB;256GB;8.0;""6.6"""""";196;4700;;;N/A;N/A"
"Samsung Galaxy S23+;8GB;512GB;8.0;""6.6"""""";196;4700;;;N/A;N/A"
"OnePlus 11;8GB;128GB;8.0;""6.7"""""";205;5000;;;N/A;N/A"
"Honor Magic5;8GB;256GB;8.0;""6.7"""""";187;5100;;;629;2"
"Honor Magic5;12GB;256GB;8.0;""6.7"""""";187;5100;;;692;2"
"OnePlus Ace 2V;12GB;256GB;8.0;""6.7"""""";191;5000;;;425;2"
"OnePlus Ace 2V;16GB;256GB;8.0;""6.7"""""";191;5000;;;457;2"
"OnePlus Ace 2V;16GB;512GB;8.0;""6.7"""""";191;5000;;;502;2"
"Oppo Find X6;16GB;256GB;8.0;""6.7"""""";207;4800;;;N/A;N/A"
"Meizu 20 Pro;12GB;256GB;8.0;""6.8"""""";209;5000;;;N/A;N/A"
"Meizu 20 Pro;12GB;512GB;8.0;""6.8"""""";209;5000;;;N/A;N/A"
"Meizu 20 Infinity;12GB;512GB;8.0;""6.8"""""";215;4800;;;N/A;N/A"
"vivo X Flip;12GB;256GB;8.0;""6.7"""""";198;4400;;;963;3"
"Oppo Reno10 China;8GB;256GB;8.0;""6.7"""""";180;4600;;;330;2"
"Oppo Reno10 China;12GB;256GB;8.0;""6.7"""""";180;4600;;;380;2"
"Oppo Reno10 China;12GB;512GB;8.0;""6.7"""""";180;4600;;;433;2"
"Motorola Moto G Stylus 5G 2023;America;·;8.0;""6.6"""""";202;5000;;;N/A;N/A"
"Motorola Razr+;America;·;8.0;""6.9"""""";188;3800;;;N/A;N/A"
"Doogee S100 Pro;12GB;256GB;8.0;""6.6"""""";400;22000;;;399;1"
"Vivo S17;12GB;256GB;8.0;""6.8"""""";186;4600;;;460;1"
"Vivo S17;12GB;512GB;8.0;""6.8"""""";186;4600;;;490;1"
